4.2373,4.3574,5.7418,6.0323,6.5833,7.3156,7.3748,7.6563,7.7459,7.7661,7.8294,8.4496,8.5739,8.7914,9.3977,9.5758,9.6569,9.6617,9.6705,9.8115,10.063,10.234,10.407,10.474,10.737,10.973,11.001,11.172,11.265,11.424,11.583,11.587,11.846,12.092,12.296,12.335,12.737,12.772,12.921,13.031,13.443,13.633,13.809,14.15,14.619,14.924,15.521,15.668,15.703,15.746,15.884,17.572,17.914,18.003,19.78,20.441,26.789,26.836,30.53,42.535
4.2968,4.4617,5.8782,7.139,7.5596,7.5613,7.8779,8.5899,8.5986,8.6655,8.7192,9.1165,9.158,9.1827,9.9444,9.991,10.26,10.398,10.408,10.529,10.731,10.909,11.048,11.076,11.466,11.554,11.803,12.317,12.317,12.427,12.431,12.491,12.61,12.686,12.736,12.743,12.765,12.974,13.164,13.357,13.458,13.624,13.818,14.365,14.393,14.699,15.143,16.093,16.295,16.57,16.784,16.869,18.14,19.331,19.605,23.568,25.063,27.662,31.331,40.822
3.4964,4.6948,6.7184,7.6067,7.6894,7.8586,7.9242,8.0046,8.0689,8.1653,8.8526,9.2322,9.3208,9.345,9.8092,9.8094,9.8375,9.8765,10.109,10.156,10.421,10.657,10.682,10.84,11.212,11.637,11.912,12.304,12.38,12.447,12.478,12.693,12.786,12.789,13.249,13.339,13.374,13.522,13.695,13.761,13.78,13.854,14.198,14.566,15.499,15.779,15.868,16.11,16.59,16.924,17.023,17.191,17.722,17.921,17.959,21.489,27.173,27.478,32.205,41.077
4.0078,4.618,5.6633,6.5993,6.8445,6.8683,7.6448,8.0185,8.1099,8.6056,8.9048,9.1117,9.1493,9.2099,9.3975,9.5574,9.6798,9.9825,10.044,10.369,10.573,10.801,11.342,11.545,11.734,12.058,12.232,12.276,12.323,12.418,12.719,12.815,13.053,13.399,13.464,13.718,13.73,14.392,14.526,14.654,14.829,14.89,15.257,15.406,15.977,15.998,16.17,17.083,17.308,17.34,17.766,17.973,18.622,19.028,19.465,20.192,25.964,28.064,34.334,43.98
2.1704,3.6844,5.4687,5.8362,6.4582,7.2674,7.2845,7.6259,7.801,7.9002,8.0271,8.2147,9.1023,9.1498,9.4373,9.9287,10.131,10.896,11.058,11.225,11.341,11.374,11.473,11.624,11.793,11.926,11.999,12.24,12.415,12.622,12.662,12.774,12.779,12.958,13.094,13.186,13.592,13.637,14.145,14.18,14.368,14.625,14.827,14.929,15.04,15.333,15.444,15.546,16.719,16.921,17.102,17.453,18.407,19.023,19.796,22.533,26.836,27.159,33.586,40.559
0.12864,3.9982,5.9619,5.9832,6.0817,6.5583,6.6007,7.1023,7.4269,7.9008,8.1086,8.2883,8.5381,9.2213,9.5363,9.6154,9.6689,9.6841,9.9729,9.9903,10.077,10.096,10.406,10.533,10.578,11.057,11.317,11.318,11.377,11.381,11.628,11.755,11.785,11.988,12.272,12.604,12.746,12.976,13.037,13.056,13.293,13.509,13.729,14.269,14.283,14.856,15.641,15.695,15.873,16.208,18.165,18.514,18.58,18.62,19.593,21.391,26.227,28.268,33.112,43.323
2.7451,4.9589,5.3996,5.7727,6.1366,7.3954,7.8133,8.7861,9.1032,9.2416,9.4367,9.5136,9.5511,9.7321,9.8786,9.9194,10.303,10.472,10.818,11.085,11.111,11.223,11.324,11.418,11.618,11.622,11.876,12.211,12.33,12.545,12.715,12.787,12.798,12.816,12.968,13.082,13.169,13.254,13.586,13.791,13.991,14.216,14.255,14.999,15.356,16.591,16.607,16.695,16.966,17.167,18.465,18.622,18.667,19.059,19.977,23.407,26.785,27.259,34.282,40.243
4.4285,4.6268,5.2191,5.8015,6.4467,7.3606,7.8835,7.9973,8.606,8.6651,8.7758,8.8213,9.0197,9.7415,10.043,10.221,10.221,10.368,10.462,10.673,10.816,10.957,11.062,11.067,11.142,11.415,11.815,12.136,12.171,12.263,12.445,12.468,12.498,12.677,13.036,13.283,13.348,13.426,13.583,13.966,14.428,14.517,14.621,14.649,14.699,14.85,15.091,15.299,16.034,16.085,16.315,16.668,17.47,18.412,18.905,21.341,26.425,29.022,34.508,42.494
3.5713,4.0934,5.6583,6.2784,7.2932,7.2982,7.598,7.8076,7.8479,8.1724,8.2028,8.3432,8.4848,8.4966,8.5844,8.6313,8.6848,8.8603,8.9067,8.9123,9.1025,9.1112,9.2173,9.667,10.102,10.217,10.364,10.598,10.933,11.025,11.056,11.376,11.482,11.641,11.989,12.127,12.15,12.338,12.421,12.785,12.949,13.058,13.063,13.638,14.335,14.419,14.766,14.796,15.308,15.323,15.448,15.634,17.309,18.619,19.718,20.544,25.513,26.422,30.612,42.219
2.0959,2.3166,3.152,3.9698,6.6266,6.6592,8.0983,8.4593,8.6689,8.9547,9.1861,9.4037,9.4118,9.8033,9.9632,9.9761,10.097,10.145,10.177,10.407,10.412,10.761,10.88,11.572,11.792,11.8,11.901,12.078,12.154,12.398,12.549,12.549,12.714,12.741,12.813,13.127,13.292,13.5,13.597,14.106,14.125,14.225,14.327,14.452,14.885,14.905,15.534,15.703,15.758,15.98,16.064,17.487,19.487,19.893,19.945,21.546,26.816,27.979,31.181,44.305
4.209,4.4503,6.5292,7.825,7.8891,8.1966,8.74,8.8654,8.9522,9.3076,9.6545,9.7131,9.7624,9.7892,10.272,10.728,10.892,10.972,11.087,11.123,11.218,11.448,11.546,11.769,11.888,11.904,12.342,12.387,12.461,12.582,12.872,12.987,13.204,13.581,13.587,13.733,13.768,14.03,14.173,14.207,14.529,14.734,14.764,14.876,15.017,15.218,15.244,15.314,15.641,16.396,16.5,16.944,17.306,17.33,19.118,24.369,28.227,29.31,32.004,42.718
4.1414,4.1713,5.0789,5.3193,5.8545,6.5645,7.4711,7.4785,7.6849,7.9804,8.0956,8.128,8.4497,8.7733,8.8197,9.0582,9.1103,9.1146,9.2851,9.8034,10.462,10.771,10.812,10.903,10.96,11.159,11.332,11.57,11.913,12.148,12.247,12.508,12.764,12.887,12.918,13.28,13.289,13.309,13.333,13.342,13.403,13.431,13.442,13.737,13.882,14.11,14.118,14.832,16.357,16.736,16.836,17.056,17.245,18.497,19.228,20.23,26.573,28.263,34.223,41.268
2.3262,4.1348,5.1898,6.2568,6.4656,6.8626,6.863,7.3391,7.8515,8.1129,9.2738,9.4458,9.8909,9.8975,10.024,10.043,10.063,10.251,10.463,10.486,10.488,10.507,10.599,10.615,10.639,10.785,11.006,11.196,11.455,11.471,11.832,11.878,11.989,12,12.098,12.145,12.204,12.265,12.317,12.418,12.467,13.277,13.466,13.628,13.657,13.781,14.237,14.643,16.172,16.585,17.062,17.839,18.557,18.938,19.196,21.456,25.317,26.362,31.436,42.851
1.2511,4.3365,5.7537,6.1071,6.6713,7.1972,7.5832,8.2046,8.2644,9.0318,9.0816,9.2117,9.4449,9.678,9.7448,9.9017,10.147,10.339,10.397,10.4,10.434,10.606,10.711,10.75,10.85,10.864,11.253,11.709,11.929,12.035,12.037,12.076,12.203,12.205,12.273,12.299,12.918,12.992,13.165,13.695,13.726,13.884,14.349,14.438,14.493,14.533,16.15,17.104,17.907,18.267,18.317,18.483,18.513,18.954,18.98,24.568,26.554,28.279,30.155,41.062
3.5257,4.8654,5.7605,5.9299,6.361,6.5369,7.2597,7.3501,7.4856,7.7518,7.8222,7.8724,8.1794,8.2359,8.2506,8.5681,9.6093,9.6657,10.598,10.652,10.67,10.819,10.966,11.613,11.675,11.721,12.009,12.226,12.252,12.537,12.683,12.999,13.158,13.186,13.362,13.403,13.521,13.611,13.891,13.961,13.983,14.657,14.871,14.994,15.315,15.333,15.506,15.609,15.99,16.448,16.9,17.882,18.149,18.174,19.187,23.176,26.503,26.748,32.587,41.246
2.1494,4.8718,6.4391,6.5905,6.5986,6.8762,7.1794,7.3466,7.7161,7.8458,7.8471,7.8541,8.0039,8.4746,8.9451,8.9474,8.9648,9.0288,9.0358,9.1863,9.6735,9.7533,10.224,10.433,10.458,10.501,10.515,10.595,11.505,11.777,11.811,12.527,12.529,12.753,13.076,13.129,13.21,13.268,13.383,13.577,13.625,13.799,13.853,13.897,14.526,14.539,15.034,15.162,15.517,16.892,17.291,17.342,17.466,18.243,19.852,21.779,25.922,26.329,32.503,43.024
3.9116,4.249,5.367,6.6145,6.665,6.7351,7.7312,7.737,8.1638,8.28,8.3698,8.4536,8.5861,8.6937,8.7601,8.9011,8.9385,9.1992,9.2086,9.3829,9.3938,9.8084,9.8487,9.861,10.21,10.475,11.013,11.074,11.323,11.379,11.437,11.441,11.523,11.589,11.847,11.989,12.443,12.58,12.708,13.014,13.213,13.603,13.626,13.678,13.797,13.874,13.956,14.014,16.27,16.835,17.01,17.239,17.736,18.657,19.685,24.2,26.346,26.833,30.067,42.83
3.0207,3.2848,4.7954,4.9913,5.6823,6.9246,7.0616,7.2108,7.8911,7.9529,8.3156,8.3241,8.4613,9.1008,9.6162,9.6186,10.317,10.437,10.645,10.754,10.773,11.037,11.233,11.323,11.353,11.409,11.467,11.515,11.634,11.659,11.787,12.214,12.224,12.469,12.735,12.836,13.221,13.225,13.548,13.721,14.104,14.104,14.544,14.72,15.108,15.373,15.715,15.882,16.063,17.183,17.262,18.07,18.463,18.97,19.41,24.426,26.433,27.763,31.337,41.485
4.7361,4.8695,5.2434,5.2643,5.9269,6.1774,6.8569,7.1499,8.4999,8.7965,8.847,8.8522,9.3193,9.5694,9.7207,9.9353,10.039,10.136,10.409,10.452,10.571,10.901,10.913,11.089,11.241,11.267,11.288,11.297,11.575,11.667,11.764,11.965,12.134,12.142,12.321,12.422,12.723,13.144,13.73,13.737,14.132,14.521,14.774,14.813,15.315,15.563,15.737,16.407,17.366,17.705,18.172,19.524,19.875,19.946,19.966,20.03,25.437,29.983,33.134,42.015
3.3902,4.6761,6.0705,6.1484,6.4032,7.1804,7.6902,7.7715,8.248,8.628,8.8289,9.0738,9.2486,9.257,9.554,9.6682,10.027,10.056,10.475,10.59,10.85,10.912,10.925,11.016,11.216,11.742,11.777,11.801,11.845,12.143,12.236,12.519,12.77,12.803,12.895,12.958,13.034,13.196,13.212,13.316,13.791,13.986,13.996,14.313,14.503,14.536,14.592,14.601,15.234,15.767,15.968,16.176,17.364,17.59,18.379,21.951,25.827,28.994,31.386,42.182
3.5423,3.5482,5.4868,7.1967,7.4332,8.0625,8.436,8.5513,8.7411,8.8302,8.879,9.0813,9.144,9.3341,9.7857,9.9843,10.03,10.166,10.285,10.392,10.443,10.571,10.642,10.673,10.692,10.892,11.111,11.224,11.703,11.925,12.173,12.177,12.256,12.602,12.736,12.792,12.826,12.89,13.021,13.037,13.545,13.867,14.048,14.329,14.648,14.716,14.726,14.782,15.075,15.267,16.102,17.449,18.303,18.556,18.897,20.953,26.444,27.389,31.128,41.776
2.9576,4.2449,5.7314,5.9594,6.188,6.2353,6.8342,6.9824,7.1536,7.9458,7.9829,8.5675,9.1899,9.2183,9.3854,9.7636,9.951,9.9614,10.111,10.306,10.619,10.633,10.772,10.779,11.684,11.728,11.736,12.04,12.122,12.178,12.267,12.287,12.341,12.363,12.395,12.663,12.679,12.699,13.163,13.256,13.304,13.417,13.726,13.759,14.829,14.904,15.132,16.028,16.218,17.539,18.311,18.473,18.578,19.463,19.698,20.057,26.96,27.134,31.77,40.467
3.7317,4.2916,5.8009,6.4068,7.1824,7.4653,7.6166,7.9867,8.3614,8.4803,8.8428,9.1596,9.1932,9.3065,9.5117,9.5139,9.6031,9.6049,9.8386,9.9008,10.031,10.278,10.315,10.553,10.659,10.698,10.71,10.898,11.048,11.406,11.418,11.481,11.592,11.654,12.059,12.288,12.373,12.523,12.592,12.629,12.713,12.728,12.874,12.972,13.198,13.61,14.613,14.619,15.07,15.092,15.405,15.955,16.026,16.395,18.522,20.37,25.897,26.126,30.774,43.427
2.2478,3.5041,3.6362,4.8374,5.2148,7.1456,7.3708,7.3796,7.4099,7.4622,7.5334,7.9932,8.1658,8.5386,8.6386,8.8824,9.1458,9.7753,10.07,10.4,10.53,10.583,10.6,10.664,11.253,11.29,11.587,11.718,11.876,11.951,12.032,12.065,12.377,12.614,12.725,12.995,13.213,13.277,13.365,13.381,13.781,14.088,14.368,14.435,14.657,14.74,15.364,15.469,15.894,16.33,16.52,16.593,17.121,17.541,17.753,21.559,25.696,28.1,31.361,40.104
4.0174,4.3391,5.2191,5.393,5.8421,6.1648,6.7763,7.5881,7.8235,8.0269,8.0626,8.5471,8.847,9.0138,9.1205,9.2685,9.7542,9.8452,10.149,10.315,10.397,10.439,10.44,10.543,10.558,10.68,10.699,10.707,10.759,11.025,11.065,11.492,11.642,11.646,11.99,12.145,12.233,12.369,12.407,12.444,12.864,13.185,13.84,14.233,14.368,14.537,14.757,14.866,15.06,15.179,15.385,15.483,15.649,15.801,19.262,20.62,25.115,28.883,31.936,41.407
3.5114,4.7045,5.3767,6.1822,6.7853,7.4758,7.6726,7.7555,7.9346,8.0367,8.7587,8.7611,8.7913,8.9,9.1643,9.2062,9.3292,9.4145,9.6357,9.6877,10.029,10.233,10.766,10.978,11.048,11.048,11.545,11.664,11.709,11.757,11.892,12.473,12.604,12.928,12.962,12.981,13.672,13.777,13.825,13.912,14.038,14.232,14.401,14.5,14.593,14.63,14.817,14.934,15.401,15.432,17.091,17.141,18.508,19.281,19.677,21.595,27.306,29.655,34.303,40.134
3.6225,4.9597,5.3366,7.0475,7.3202,7.896,8.0418,8.2179,8.3127,8.6447,8.7248,8.7607,9.3598,9.4053,9.4781,9.5627,9.6106,9.6808,9.9184,9.9822,10.097,10.108,10.247,10.249,10.588,10.622,11.104,11.188,11.38,11.784,11.994,12.053,12.542,12.848,12.964,13.254,13.295,13.3,13.357,13.894,13.987,14.209,14.489,14.847,15.174,15.285,15.571,16.281,16.524,16.658,17.75,18.263,19.409,19.532,19.837,20.857,27.545,28.696,33.281,40.34
3.3841,3.5433,4.254,4.4067,5.137,5.8635,6.0806,7.0151,7.1625,8.6796,8.9096,9.08,9.1886,9.547,9.7095,9.9473,9.9552,9.9699,10.075,10.515,10.657,10.831,11.313,11.382,11.695,11.708,11.761,11.794,11.878,12.432,12.599,12.703,12.822,12.967,13.124,13.16,13.473,13.594,13.676,13.712,13.713,13.77,13.853,14.251,14.336,14.391,14.789,14.897,15.147,16.259,16.333,16.853,16.983,17.202,19.022,21.015,26.154,27.814,32.011,44.246
3.3018,4.337,4.9165,4.9598,6.3726,6.4304,6.7905,6.8038,6.8552,6.9564,7.935,8.3068,8.6115,9.1027,9.3031,9.4214,9.5087,9.7783,10.324,10.345,10.395,10.551,10.749,10.903,10.977,10.992,11.012,11.601,11.605,11.756,11.809,12.08,12.284,12.304,12.537,12.973,12.974,13.172,13.204,13.807,14.178,14.197,14.212,14.314,14.572,14.677,15.038,15.096,15.1,15.722,15.845,16.353,17.349,19.03,19.041,20.401,27.514,28.736,30.136,42.292
4.4595,4.6964,5.7856,6.3069,6.5281,6.579,6.9146,7.8693,8.0365,8.0431,8.5897,8.9638,9.6274,9.769,9.8261,9.8577,10.122,10.215,10.275,10.467,10.501,10.657,10.885,10.889,10.989,11.098,11.136,11.177,11.318,11.353,11.639,11.908,12.018,12.283,12.312,12.45,12.509,12.983,13.109,13.257,13.528,13.638,13.768,14.059,14.347,14.515,15.001,15.234,15.374,15.541,15.963,16.337,16.453,19.046,19.651,24.195,27.739,28.128,30.466,42.803
1.612,3.7494,4.5726,4.6518,5.1471,5.9674,6.007,6.3759,6.3885,6.5422,6.8935,8.1375,8.1825,8.4993,8.7227,9.049,9.2591,9.2762,9.4689,9.496,9.5095,9.8891,10.085,10.578,10.753,10.785,11.091,11.228,11.683,11.777,11.841,12.186,12.337,12.455,12.898,13.004,13.427,13.46,13.67,14.215,14.314,14.763,15.232,15.334,15.356,15.485,15.736,15.955,16.147,16.171,18.411,18.564,18.999,19.591,19.88,23.092,25.249,25.78,33.705,42.222
4.7449,4.9657,6.3785,6.8192,8.1167,8.3276,8.8528,9.16,9.26,9.3367,9.7065,9.7748,9.9235,9.9571,10.105,10.354,10.568,10.688,10.701,10.917,11.044,11.247,11.362,11.628,11.641,11.753,12.05,12.12,12.196,12.252,12.535,12.918,13.179,13.681,13.814,13.888,13.95,14.258,14.69,14.759,15.008,15.117,15.179,15.363,15.462,16.207,16.282,16.641,16.824,17.14,17.322,17.503,17.847,19.09,19.5,22.224,28.738,29.308,31.234,40.789
3.3875,4.6316,5.493,6.5848,6.9097,7.0339,7.4927,7.6221,7.8652,7.8975,8.1365,8.2792,8.3382,8.4929,8.5091,8.9109,9.0908,9.1685,9.2589,9.2795,9.8967,9.9515,10.074,10.223,10.352,10.457,10.541,10.84,11.8,11.97,12.073,12.775,12.804,12.819,12.857,13.006,13.201,13.214,13.686,13.727,13.779,14.481,14.576,14.841,15.282,15.496,15.706,17.323,17.502,17.665,18.067,18.449,18.693,18.785,19.398,23.161,26.707,27.342,31.059,41.614
2.5594,3.7519,5.1106,5.1811,6.0046,6.2885,6.321,6.4046,6.8028,6.9945,7.2127,7.6548,8.0868,8.3716,8.3753,8.7189,8.7386,9.1524,9.1781,9.2439,9.4021,9.4358,9.6117,9.8208,10.187,10.277,10.79,10.828,10.867,10.901,11.099,11.123,11.151,11.416,11.48,11.58,11.861,12.55,12.565,13.176,13.221,13.429,13.651,13.75,13.883,14.206,15.271,15.806,15.947,15.977,16.024,16.215,16.234,16.565,16.606,24.659,26.135,27.554,33.998,40.601
0.50906,2.558,2.9095,3.7632,4.5817,4.8215,7.2,7.2116,8.0133,8.1486,8.3528,8.6929,9.0448,9.1601,9.2974,9.3368,9.7251,9.7816,10.032,10.25,10.262,10.487,10.686,10.824,10.957,11.215,11.297,11.35,11.446,11.504,11.518,11.569,11.657,11.789,11.811,11.883,11.945,12.833,12.903,12.999,13.01,13.052,13.108,13.62,13.821,13.862,14.15,14.935,15.077,16.054,16.118,17.265,17.835,18.804,19.682,22.023,25.135,28.545,34.593,44.705
3.7272,3.8013,5.207,5.7815,7.0292,7.6212,7.7165,7.872,8.6011,8.6378,8.9035,9.1142,9.3047,9.5864,9.7004,9.8223,10.203,10.33,10.446,10.459,10.668,10.688,10.771,10.853,10.928,11.137,11.248,11.838,12.075,12.244,12.487,12.657,12.668,12.716,13.311,13.382,13.718,13.722,13.983,14.116,14.132,14.15,14.364,14.684,15.108,15.207,15.314,15.633,17.433,17.51,17.622,17.663,19.17,20.228,20.499,22.024,26.151,28.432,31.336,42.515
3.3067,4.4335,5.5322,6.3184,6.3608,6.6275,6.7547,6.7683,7.3689,7.5814,7.7053,7.8743,7.9081,7.9337,8.2779,8.517,9.4121,9.4934,9.5214,9.8437,10.285,10.54,10.658,10.797,10.847,11.04,11.071,11.111,11.138,11.27,11.279,11.604,11.692,11.848,11.897,11.913,11.973,12.959,13.023,13.37,13.539,13.578,13.992,14.103,14.407,14.814,15.276,16.35,16.438,16.738,16.989,18.726,19.193,19.237,19.648,20.681,27.599,27.673,30.721,42.957
3.6868,4.1336,5.5467,5.835,5.8751,5.8908,6.4787,6.6841,6.9161,7.1644,7.5864,7.7789,8.5933,9.1217,9.5156,9.8358,10.005,10.009,10.146,10.168,10.344,10.702,10.761,10.983,11.036,11.24,11.425,11.482,11.739,11.954,12.194,12.195,12.462,12.499,12.596,12.616,12.736,12.884,12.931,13.058,13.205,13.716,14.157,14.258,14.326,14.723,15.344,15.582,15.822,16.134,16.252,17.326,18.187,18.49,18.858,23.557,28.096,29.339,30.08,41.101
2.9412,4.5446,5.0707,5.703,6.183,6.2266,6.2463,7.0019,7.0809,7.6002,7.7311,7.9118,7.9623,8.2571,8.5525,8.5609,9.1515,9.267,10.004,10.472,10.592,10.685,11.066,11.154,11.189,11.21,11.584,11.972,12.203,12.356,12.414,12.465,12.811,13.079,13.762,13.937,14.008,14.096,14.229,14.571,14.73,14.826,15.108,15.309,15.421,15.594,15.761,15.947,16.253,16.277,16.296,18.42,18.757,18.773,19.264,23.409,25.471,27.99,31.15,40.269
3.7509,4.5437,6.2249,7.2238,8.5389,8.6715,8.7681,9.0122,9.1419,9.1766,9.2964,9.692,9.7004,9.9077,10.173,10.28,10.635,11.169,11.582,11.586,11.613,11.633,11.896,12.089,12.152,12.242,12.338,12.431,12.893,13.103,13.32,13.525,13.581,13.862,14.084,14.46,14.569,14.633,14.633,14.707,15.191,15.209,15.601,15.72,15.77,15.877,16.404,17.577,18.255,18.365,18.526,18.774,19.22,19.3,19.314,21.252,25.174,27.603,34.542,41.28
4.721,4.8551,5.7219,5.7534,6.1091,6.5767,6.6026,6.6863,6.7513,7.0415,7.5759,7.7632,8.7752,8.8005,9.1336,9.3375,9.6142,9.7135,9.7488,9.9619,10.121,10.161,10.171,10.252,10.344,10.405,11.585,11.614,11.754,11.772,12.058,12.209,12.796,13.003,13.056,13.332,13.472,13.516,13.669,14.051,14.094,14.146,14.158,14.209,15.049,15.414,15.559,15.748,15.899,16.082,16.974,17.291,17.388,19.494,19.732,23.404,25.108,29.778,34.646,44.519
3.6172,4.9968,7.0423,7.4124,7.954,8.4613,8.5423,8.6075,8.8199,9.3556,9.3929,9.4248,9.8043,9.8513,10.01,10.079,10.166,10.398,10.4,10.426,10.568,10.691,11.28,11.367,11.434,11.578,11.652,11.675,11.767,11.826,11.834,11.855,12.177,12.478,12.575,12.584,12.663,12.979,13.155,13.715,14.203,14.211,14.462,14.694,14.827,14.871,15.043,15.429,15.77,17.838,18.024,18.134,18.638,18.816,19.576,20.963,25.272,27.282,31.169,43.448
2.5749,3.7405,5.0571,5.4989,6.7379,7.6737,7.9059,7.9172,8.0195,8.0579,8.0871,8.1557,8.1608,8.3888,8.4911,8.5477,8.5617,8.7994,8.8512,9.7489,9.8196,9.9457,10.342,10.378,10.64,10.704,11.523,11.673,11.721,11.74,11.772,11.81,11.867,11.981,12.069,12.885,13.113,13.545,13.69,14.255,14.326,14.527,14.644,14.7,14.828,14.91,15.755,15.836,17.345,17.581,18.561,18.64,18.789,19.034,19.119,24.944,26.586,29.95,33.066,40.446
2.0887,2.1329,5.5531,5.9803,6.6186,7.8774,8.0062,8.4698,8.5242,8.5496,8.7581,9.2119,9.223,9.3211,10.013,10.035,10.123,10.175,10.459,11.028,11.088,11.323,11.394,11.404,11.714,11.836,12.071,12.252,12.362,12.603,12.772,12.877,12.969,13.103,13.246,13.526,13.672,13.786,13.819,14.149,14.168,14.286,14.513,14.62,15.194,15.352,15.79,16.074,16.306,16.662,17.239,18.789,19.345,19.595,19.839,23.759,27.169,29.93,32.928,41.695
4.7456,4.8684,6.4212,6.5992,6.7231,7.1798,7.3126,7.9186,8.2333,8.3266,8.3405,9.0707,9.4504,9.8089,10.005,10.194,10.229,10.301,10.364,10.515,10.805,10.825,10.962,11.098,11.098,11.101,11.278,11.338,11.668,12.253,12.327,12.613,12.764,13.924,14.208,14.712,14.772,14.914,15.036,15.142,15.171,15.207,15.564,15.871,16.355,16.375,16.856,17.348,17.549,17.894,18.189,18.407,18.931,19.813,19.82,22.061,25.793,26.601,30.248,42.824
4.3952,4.5027,5.2486,6.2179,6.4337,6.6384,7.0815,7.1346,7.1638,7.2136,7.3791,7.5032,8.1594,9.4982,9.7433,9.8775,10.131,10.243,10.247,10.294,10.377,10.381,10.393,10.495,10.496,10.581,11.055,11.739,11.837,11.961,11.994,12.007,12.21,12.266,12.667,12.667,12.834,13.129,13.144,13.328,14.262,14.374,15.363,15.418,16.153,16.217,16.483,17.133,17.221,17.427,17.765,17.983,18.302,19.005,19.312,20.822,25.25,29.998,30.472,41.073
3.015,4.6423,5.8186,6.0332,6.2738,6.6017,7.2553,7.969,8.1812,8.7012,8.74,8.7755,8.8967,8.9477,9.1845,9.5716,9.5853,9.7954,9.8363,9.9917,10.304,10.412,10.915,11.042,11.266,11.277,11.363,11.992,12.101,12.115,12.375,12.445,12.71,12.72,13.299,13.449,13.595,14.071,14.12,14.557,14.668,14.799,15.241,15.256,15.26,15.549,15.75,16.164,16.8,16.851,17.125,17.491,19.584,19.59,19.591,20.416,25.726,27.301,34.722,43.261
3.8931,4.3943,5.2922,6.1188,6.248,6.2818,6.9155,7.2495,8.8456,8.9631,9.2637,9.4934,9.5336,9.5865,9.655,9.7486,9.9707,9.986,10.019,10.1,10.505,10.769,10.979,11.064,11.156,11.28,11.292,11.584,12.091,12.229,12.525,12.692,12.75,13.132,13.142,13.186,13.364,13.432,13.458,13.54,13.897,14.018,14.08,14.095,14.102,14.692,15.202,15.78,16.638,16.944,16.951,17.717,19.279,19.627,19.71,24.535,26.587,26.795,32.172,40.279
4.4474,4.472,5.5232,5.5379,5.7307,5.9774,6.0197,6.6646,6.8884,7.0818,7.2101,7.8187,7.8943,7.9924,8.5879,8.6062,9.2155,9.2324,9.6389,9.887,10.115,10.445,10.5,10.6,10.636,10.792,10.971,11,11.171,11.207,11.505,11.778,11.805,12.005,12.382,12.595,12.955,13.153,13.221,13.255,13.36,14.13,14.327,14.781,15.044,15.074,15.223,15.74,16.145,16.558,16.587,17.505,18.101,18.144,19.373,23.613,25.984,28.507,30.626,44.729
3.9652,4.9346,5.124,6.2137,6.6178,6.7475,6.9066,7.5276,7.6574,7.9703,7.9774,8.8335,9.1234,9.2557,9.8198,9.8579,10.115,10.347,10.403,11.063,11.075,11.106,11.257,11.283,11.373,11.531,11.542,11.633,12.069,12.094,12.191,12.262,12.305,12.384,12.428,12.72,13.021,13.261,13.345,13.523,13.535,13.775,13.78,14.181,15.019,15.072,15.151,15.384,15.747,16.675,17.163,17.284,18.624,18.632,19.622,21.875,25.037,26.922,30.78,40.642
0.95157,1.2483,2.0902,4.8024,5.1573,6.7616,7.7638,8.3429,8.5556,8.6827,9.0488,9.0689,9.0713,9.2387,9.2624,9.7885,9.9046,9.939,10.337,10.35,10.467,10.856,11.13,11.183,11.488,11.551,12.237,12.457,12.556,12.947,13.068,13.381,13.506,14.046,14.135,14.155,14.178,14.496,14.543,14.821,15.196,15.498,15.863,16.033,16.27,16.474,16.537,17.239,17.505,17.825,18.194,18.308,18.581,19.033,19.41,21.508,25.254,27.892,30.555,40.083
3.0285,3.3716,3.4947,4.2201,5.183,6.5415,6.6051,6.848,6.8971,7.0279,7.4641,8.2601,8.2858,8.3291,8.4956,8.5973,8.9007,8.9565,8.9653,9.1674,9.2107,9.7696,10.16,10.525,10.956,11.084,11.261,11.324,11.363,11.388,11.398,11.548,11.736,12.173,12.226,12.319,12.7,13.11,13.276,13.31,13.579,13.822,14.213,14.49,14.834,14.926,15.344,15.522,16.315,16.354,16.526,18.085,19.403,19.438,19.97,22.722,26.982,26.988,33.613,40.461
4.2781,4.3699,5.1819,5.4546,5.7415,6.3636,6.5031,6.5996,7.0078,7.663,7.6917,8.0128,8.3306,8.4953,8.6272,8.6306,8.6692,8.8949,9.2672,9.3481,9.4911,9.8918,10.21,10.244,10.265,10.295,10.605,10.606,11.269,11.355,11.844,12.035,12.275,12.279,12.286,12.554,12.579,12.835,12.922,12.997,13.241,13.246,13.323,13.515,13.98,13.981,14.554,14.666,15.421,15.513,15.541,17.014,17.144,18.608,18.843,23.04,26.356,27.755,33.032,43.38
4.2706,4.5945,4.6455,4.9666,6.1114,6.3983,6.5071,7.3188,7.4255,7.8154,7.973,8.3903,8.6033,9.0871,9.1343,9.6168,10.352,10.436,10.6,10.692,10.763,10.92,10.943,11.052,11.46,11.582,11.958,12.018,12.168,12.503,12.551,12.723,13.087,13.139,13.155,13.233,13.562,13.616,14.042,14.609,14.654,14.907,15.243,15.526,15.871,15.939,16.297,17.178,17.477,18.092,18.267,18.398,18.679,20.26,20.966,21.125,25.378,27.549,31.004,44.365
0.6778,3.5274,4.451,4.7624,6.3679,6.5958,6.8673,7.4288,7.5048,7.6364,7.7106,8.2187,8.5819,8.873,8.9925,9.4384,9.5886,9.9458,10.085,10.161,10.2,10.382,10.604,10.632,10.65,11.008,11.359,11.574,12.188,12.208,12.359,12.468,12.76,13.014,13.091,13.104,13.135,13.267,13.32,13.419,13.44,13.682,13.698,13.92,14.136,14.913,15.161,15.621,15.988,16.063,16.39,16.917,16.936,17.206,17.239,23.516,25.765,26.457,30.537,42.488
3.8498,3.9724,5.3341,6.0585,6.4359,6.5964,7.7347,7.8551,7.9246,8.1595,8.3199,8.3384,8.3409,8.4506,8.7638,8.8958,9.2643,9.3633,9.8917,9.9436,10.008,10.109,10.33,10.445,10.623,10.715,10.764,10.874,10.923,11.069,11.163,11.891,12.237,12.239,12.247,12.643,12.71,12.821,12.928,12.999,13.58,13.978,14.018,14.084,14.285,14.531,15.238,15.541,16.511,16.747,17.362,17.761,18.391,18.473,19.542,22.48,27.511,28.87,34.669,42.534
3.4155,4.261,5.671,6.9774,7.142,7.2997,7.5684,8.3395,8.6168,8.9257,9.11,9.2764,9.3118,9.5114,9.7006,9.7323,9.9124,9.9814,10.092,10.185,10.242,10.539,10.681,10.756,10.824,10.916,11.455,11.6,12.173,12.434,12.473,12.497,12.739,12.973,13.141,13.197,13.559,13.664,14.059,14.142,14.147,14.229,14.31,14.665,15.022,15.14,15.641,16.627,16.698,16.842,16.842,16.992,18.242,19.126,19.3,20.671,26.241,29.167,31.269,40.66
3.1188,3.1991,5.2753,7.1734,7.2454,7.6015,8.2513,8.3141,8.4659,8.6495,9.2538,9.3357,9.8177,9.9748,10.008,10.257,10.272,10.321,10.542,10.544,10.724,10.774,11.042,11.195,11.496,11.613,11.838,12.01,12.185,12.209,12.277,12.688,12.741,12.798,12.982,13.148,13.601,13.659,13.732,13.837,14.034,14.628,14.744,14.841,15.241,15.363,15.416,17.109,17.334,17.505,17.649,18.116,18.126,19.354,19.415,21.804,25.438,26.729,32.156,44.573
4.5843,4.8166,5.5403,6.2462,6.2902,6.9602,7.5046,8.4554,8.8028,8.9816,9.4288,9.5851,9.6502,9.9909,10.048,10.153,10.377,10.608,10.641,10.723,10.941,10.97,11.243,11.367,11.583,12.012,12.073,12.319,12.377,12.477,12.671,12.677,12.849,13.203,13.254,13.286,13.306,13.477,13.581,14.121,14.372,14.545,14.638,14.858,15.483,16.083,16.22,16.372,16.686,16.938,18.245,18.29,19.044,19.633,19.873,21.915,25.644,29.172,34.374,40.263
3.4781,4.9548,5.5355,6.6854,6.9631,7.316,7.3429,7.5849,7.6543,7.979,8.4784,8.5512,8.8572,9.3634,9.3746,9.3788,9.8463,9.9836,10.206,10.297,10.305,10.321,10.366,10.375,10.775,10.863,10.88,11.157,11.346,11.363,12.006,12.025,12.129,12.304,12.325,12.687,12.876,13.386,13.65,13.693,13.714,13.892,14.159,14.773,14.795,14.852,15.216,15.667,16.097,16.441,16.83,17.779,18.239,18.581,18.979,21.605,25.533,29.69,32.099,43.067
4.4686,4.7084,5.0665,6.0535,6.5668,6.7704,7.1488,7.7119,7.9574,8.504,9.131,9.9874,10.197,10.335,10.586,10.612,10.748,10.807,10.91,10.934,10.942,10.991,11.077,11.094,11.336,11.417,11.483,11.605,11.727,11.737,12.037,12.098,12.511,12.523,12.57,13.104,13.485,13.854,14.02,14.231,14.262,14.393,14.398,14.817,14.857,14.985,15.52,16.64,16.814,17.283,17.33,17.776,18.066,18.099,19.109,23.325,25.915,26.705,31.201,44.482
4.2403,4.6939,5.4576,6.5322,6.7782,7.144,7.5995,8.4903,8.7509,9.185,9.3087,9.5231,9.8897,9.9173,10.276,10.434,10.472,10.557,10.658,10.693,10.771,10.83,10.842,10.859,10.865,10.905,11.018,11.067,11.581,11.749,11.761,11.82,12.012,12.08,12.114,12.383,12.758,12.842,12.916,13.097,13.393,13.429,13.766,14.453,14.695,14.916,15.071,15.639,15.671,16.38,16.715,16.867,17.096,17.154,18.767,24.422,25.646,27.421,31.496,42.821
2.974,4.5252,5.2854,5.5536,6.3726,6.4816,7.3633,7.3968,8.1204,8.1639,8.37,9.0499,9.6093,9.6159,9.6758,9.8184,10.482,10.741,10.881,10.893,11.022,11.04,11.285,11.454,11.538,11.568,11.717,11.891,12.515,12.861,12.886,13.161,13.193,13.268,13.38,13.79,13.849,13.995,14.202,14.231,14.872,14.98,15.07,15.294,15.417,15.467,15.835,16.147,16.224,16.727,16.731,17.858,18.266,19.032,19.692,23.676,25.735,28.821,31.7,41.108
4.4235,4.5509,6.373,6.7007,7.803,7.9714,8.2602,8.338,8.3425,8.346,8.3901,8.522,8.602,9.0749,9.4965,9.5932,9.7515,9.8212,10.035,10.226,10.301,10.415,10.761,10.832,10.848,10.859,11.038,11.108,11.132,11.261,11.291,11.759,11.852,11.875,12.111,12.151,12.858,12.914,13.576,13.643,13.827,13.908,14.352,14.792,14.831,14.968,15.444,16.185,16.658,16.925,17.175,17.551,18.185,18.525,19.418,20.898,26.5,29.181,33.156,41.787
3.3523,3.5749,5.0518,6.3173,6.5522,6.6497,6.7952,7.012,7.0324,7.0351,7.115,7.6902,8.1021,8.145,8.2707,8.576,8.5946,8.6182,8.6933,8.9185,9.1978,9.7081,9.8199,9.9133,10,10.026,10.055,10.128,10.337,10.652,11.019,11.293,11.607,11.802,12.161,12.343,12.625,12.643,13.128,13.227,13.486,13.662,14.431,14.556,14.605,14.744,14.845,14.923,15.447,15.917,16.136,16.564,17.115,17.472,19.88,20.709,25.466,29.18,32.663,40.196
3.7511,4.8628,5.5967,5.8722,6.4156,6.5622,7.2921,7.4564,7.7209,8.1235,8.5498,8.9274,9.0194,9.2807,9.3403,9.909,10.02,10.02,10.188,10.488,10.613,10.624,10.736,10.76,10.827,10.957,11.244,11.414,11.424,11.667,11.803,11.94,12.249,12.629,12.712,12.724,12.852,13.073,13.272,13.289,13.554,13.692,13.844,13.917,14.124,14.419,14.713,14.933,15.587,15.787,17.148,17.486,17.836,18.494,19.935,23.979,26.417,28.994,30.183,43.023
1.7305,4.1381,6.1156,6.3639,6.8588,6.933,7.3911,7.4691,7.7079,8.0881,8.6188,8.982,9.3573,9.9886,10.102,10.11,10.459,10.526,10.71,10.794,10.867,10.896,10.902,11.019,11.223,11.231,11.233,11.25,11.41,11.698,11.994,12.017,12.271,12.429,12.568,12.569,12.757,12.758,12.978,13.01,13.403,13.693,13.718,13.721,14.017,14.554,15.785,15.923,16.044,16.377,16.443,18.519,18.78,19.046,19.174,20.785,25.839,26.899,33.177,41.106
2.6236,4.877,5.0376,5.4395,6.5571,7.2788,7.2972,8.0199,8.255,8.4542,8.5175,8.6628,8.7277,8.9302,8.9746,9.6143,9.6213,9.9326,9.9497,9.9831,10.069,10.163,10.4,10.49,10.596,10.631,10.991,10.992,11.401,11.584,11.616,11.648,12.067,12.118,12.235,12.649,12.683,13.022,13.281,13.514,13.651,13.887,14.112,14.165,14.221,14.612,14.617,14.99,15.614,16.082,16.234,16.441,16.465,17.126,17.589,22.539,25.347,28.804,32.845,41.419
4.1724,4.7932,5.7567,6.3723,7.3365,7.7747,7.8427,7.8575,7.8933,8.2566,8.4272,8.5943,8.6082,8.767,8.7685,8.7891,8.865,8.9251,8.9713,9.2543,9.2824,9.9341,10.093,10.3,10.357,10.933,11.287,11.956,11.976,12.059,12.226,12.24,12.387,12.497,12.611,12.617,12.828,12.836,13.419,13.62,13.707,13.837,14.221,14.75,14.891,14.957,15.24,15.464,15.722,15.94,16.235,16.357,17.232,19.527,19.747,22.452,28.428,29.773,31.696,40.301
3.4112,4.3234,5.0791,5.5431,5.9797,6.5062,6.6662,6.9128,7.5241,7.9202,8.2115,8.5692,8.8487,9.2929,9.8233,9.8676,10.556,10.721,10.851,10.897,11.319,11.576,11.709,12.052,12.082,12.284,12.376,12.525,12.651,12.9,12.931,12.965,13.409,13.55,13.638,13.729,13.862,13.918,13.998,14.037,14.242,14.292,14.5,14.973,15.414,15.538,15.638,16.232,16.37,16.419,16.504,16.686,16.88,17.072,17.554,24.324,26.152,27.55,30.199,42.844
4.7078,4.8165,5.1006,5.9138,5.9826,6.192,6.8207,7.144,7.2458,7.7657,7.921,8.3225,8.7134,9.2479,9.449,9.8517,10.042,10.102,10.223,10.306,10.626,10.77,10.798,10.924,10.997,11.067,11.121,11.477,11.788,11.89,11.903,11.913,12.037,12.061,12.078,12.113,12.252,12.471,12.651,12.776,13.036,13.215,13.284,13.339,13.752,13.762,14.416,14.424,16.6,16.701,17.052,17.192,18.289,19.239,19.266,21.321,25.119,27.162,31.827,41.574
2.7066,4.7726,5.6305,6.2354,7.9279,7.9868,8.2647,8.3758,8.5472,8.5518,8.9071,9.053,9.3431,9.61,9.9094,9.9317,10.272,10.301,10.472,10.5,11.09,11.231,11.623,11.629,11.747,11.77,11.821,11.89,12.157,12.309,12.342,12.362,12.398,12.408,12.469,12.912,12.989,13.158,13.562,13.589,13.846,14.329,15.103,15.154,15.217,15.377,15.414,15.955,16.359,16.451,17.541,18.415,19.342,19.454,19.664,21.469,25.606,25.79,31.921,41.553
4.1646,4.7115,6.5114,7.171,7.2296,7.5894,7.6669,8.0088,8.0271,8.1145,8.3237,8.379,8.766,8.9793,9.0038,9.305,9.3103,9.7132,10.147,10.148,10.352,10.359,10.443,10.637,10.697,10.997,11.376,11.553,11.818,11.854,12.114,12.424,12.495,12.541,12.615,12.907,13.046,13.323,13.697,14.257,14.319,14.551,15.317,15.545,15.936,16.299,16.823,17.071,17.62,17.793,18.171,18.719,18.895,19.117,19.922,23.425,27.219,28.333,31.586,40.293
3.7956,4.4907,5.7438,5.7778,6.1591,8.0843,8.1021,8.5797,8.7611,9.1451,9.2586,9.4421,9.5187,9.5983,9.7059,9.7894,9.9231,9.9505,10.013,10.445,10.545,10.627,10.645,10.831,11.021,11.084,11.153,11.372,11.5,11.534,11.654,12.336,12.684,12.774,12.955,13.294,13.429,13.473,13.525,13.598,13.67,13.723,13.757,14.054,14.137,14.324,14.398,14.967,15.718,15.945,17.462,17.619,17.76,18.003,19.021,21.077,25.41,27.927,34.282,41.55
2.3348,2.4119,5.4818,5.8933,6.1609,7.176,7.3408,7.7474,7.7993,8.1661,8.4074,8.6419,8.6444,9.0149,9.1572,9.4406,9.49,9.5853,9.7323,9.7731,10.092,10.496,11.043,11.278,11.377,11.431,11.547,11.591,11.645,11.935,12.089,12.209,12.223,12.331,12.369,12.509,12.545,12.679,13.228,13.291,13.648,13.766,14.12,14.457,14.65,14.998,15.002,15.062,15.068,16.157,16.617,16.679,16.748,17.777,19.576,24.464,26.07,29.29,32.091,43.481
4.4479,4.6838,6.4556,7.8728,8.1636,8.396,8.4285,8.4805,8.5353,8.7353,8.8892,8.9118,9.5491,9.5848,9.6837,9.7453,9.7817,9.8547,10.494,10.572,10.872,10.894,10.902,11.115,11.236,11.396,11.771,11.803,11.946,11.955,12.118,12.604,12.666,12.748,13,13.031,13.047,13.258,13.314,13.32,13.48,13.604,14.003,14.132,15.383,15.638,15.93,16.588,16.667,16.71,16.985,17.556,18.172,18.365,19.441,22.225,28.382,29.012,34.851,41.887
3.49,4.302,5.8832,6.258,7.018,7.8737,7.9118,8.1175,8.2993,8.3235,8.3817,8.4063,8.4292,8.5703,8.594,8.9437,8.9728,9.1058,9.4021,9.7227,10.373,10.582,10.603,10.737,10.818,10.937,10.968,11.345,11.514,12.074,12.266,12.489,12.528,12.567,12.676,12.927,12.974,13.043,13.134,13.216,13.334,13.57,13.915,14.093,14.362,14.711,15.339,15.689,16.158,17.135,17.136,18.151,18.183,19.388,19.525,20.823,28.023,28.057,31.537,44.657
2.9361,4.1197,5.9282,6.5136,6.6001,6.684,6.8945,6.8989,6.9311,7.3067,7.4295,8.2133,8.3311,8.5424,8.7393,8.7925,8.8059,9.0647,9.2073,9.4722,9.7001,9.7764,9.8608,9.9071,10.213,10.677,10.719,10.731,10.801,11.192,11.409,11.473,11.516,12.197,12.537,12.56,12.579,12.581,12.634,13.026,13.105,13.516,13.528,14.439,15.272,15.284,15.807,16.107,16.297,16.699,18.139,18.61,18.903,19.48,19.699,23.617,25.987,28.627,34.217,43.117
3.6633,4.9221,5.873,6.1085,7.4489,7.4582,7.5766,7.6224,7.8443,7.8645,7.9171,8.0723,8.2174,8.3292,8.3602,8.5147,8.5269,8.7263,8.886,9.0449,9.5264,9.6517,9.7475,9.8529,10.279,10.313,10.816,10.945,11.167,11.199,11.308,11.564,11.655,11.711,11.745,12.13,12.515,12.582,12.59,13.034,13.323,13.735,13.786,14.304,14.561,14.773,15.741,16.356,17.19,17.918,18.038,18.05,18.817,18.938,19.057,21.954,27.474,28.677,30.549,42.427
3.022,3.5777,5.6457,5.7032,6.6792,7.188,7.4286,7.5787,7.6603,8.612,8.6832,8.7641,8.7767,8.7791,8.7981,8.8347,8.849,8.8831,9.4876,9.7057,10.079,10.128,10.193,10.221,10.292,10.308,10.458,10.496,10.547,10.621,10.672,10.922,10.971,11.039,11.679,11.864,12.188,12.189,12.266,12.767,12.838,13.132,13.183,13.497,14.174,14.711,14.809,14.98,15.137,15.721,16.7,16.775,17.275,17.898,18.535,22.746,29.063,29.627,31.131,40.361
3.276,4.263,6.6823,6.8098,7.0278,7.376,7.4935,7.6328,7.6974,7.7537,7.7767,7.9026,8.3552,8.4968,8.7085,8.7213,9.0361,9.4927,9.5834,9.8031,10.091,10.177,10.23,10.391,10.671,10.843,11.264,11.298,11.561,11.771,12.027,12.222,12.651,12.927,13.348,13.501,13.54,13.587,13.675,13.756,13.791,14.145,14.916,14.971,15.793,16.244,16.526,16.545,16.805,17.849,18.036,18.573,18.857,19.733,19.912,24.626,25.021,29.078,30.516,40.032
3.2311,4.8228,5.952,6.2053,6.49,6.6149,7.3632,7.3957,7.5494,7.6297,8.1589,8.2176,8.2731,8.4662,9.1364,9.231,9.706,9.9232,10.431,10.493,10.843,11.194,11.314,11.415,11.561,11.631,11.793,11.907,11.929,11.952,12.171,12.213,12.243,12.299,12.371,12.421,12.505,12.97,13.191,13.705,13.708,13.93,13.988,14.023,15.084,15.128,15.222,15.348,15.46,15.559,16.636,16.776,16.917,17.607,18.094,23.455,26.129,29.948,31.17,44.086
4.7196,4.8478,5.1525,7.1618,7.5362,7.6104,8.2866,8.488,8.5565,8.6433,8.7873,8.9824,9.6968,9.8597,9.9078,9.9413,10.028,10.106,10.13,10.179,10.204,10.413,10.522,10.541,10.877,11.293,11.362,11.386,11.626,11.768,11.898,11.905,12.391,12.649,12.803,12.803,12.917,12.932,12.965,13.102,13.595,13.661,13.753,13.805,14.741,14.821,15.004,15.029,15.229,15.445,16.239,16.99,18.002,18.192,18.324,20.615,26.958,29.666,33.142,44.352
3.8252,4.1193,5.098,6.327,6.6216,7.1209,7.732,8.0923,8.113,8.2548,8.4142,8.4281,9.3746,9.4051,9.4311,9.4945,10.04,10.255,10.477,10.494,10.599,10.68,10.837,11.29,11.322,11.907,11.93,12.062,12.173,12.726,12.77,12.941,13.164,13.367,13.719,13.822,13.917,13.935,14.064,14.828,15.139,15.232,15.273,15.355,15.487,15.561,16.04,16.255,16.338,16.346,17.018,17.869,18.146,19.412,19.857,23.759,28.074,29.632,30.956,42.703
4.6647,4.9151,5.7353,6.1994,6.5458,7.3156,7.8885,7.9799,8.055,8.4255,8.4705,8.6458,8.8194,8.84,9.1665,9.4906,9.5824,9.6295,9.9213,9.95,10.16,10.313,10.418,10.529,10.876,10.93,11.206,11.362,11.692,11.968,12.097,12.285,12.593,12.6,12.874,13.071,13.085,13.28,13.487,13.643,14.248,14.318,14.349,14.407,14.478,14.826,15.451,15.966,16.657,17.755,17.893,18.163,18.412,19.103,19.448,22.117,26.628,26.645,31.743,40.797
3.6956,4.6261,5.4002,5.6517,6.7907,6.9191,7.0896,7.1437,7.3049,8.5919,9.0874,9.2028,9.3078,9.539,9.7036,9.7551,10.058,10.108,10.115,10.216,10.251,10.49,10.58,10.59,10.857,11.034,11.171,11.428,11.56,11.586,11.606,11.901,11.923,11.985,12.076,12.094,12.31,12.478,12.767,12.82,13.145,13.587,13.795,13.81,13.855,14.731,14.762,14.944,15.537,15.745,15.952,16.093,16.723,17.118,17.854,23.896,25.682,27.487,32.174,40.751
3.9123,4.861,6.6207,6.7851,6.7985,6.8245,7.3447,8.0848,8.2816,8.4303,8.5033,8.5462,8.576,8.5906,8.6216,8.7216,9.1053,9.1351,9.2366,9.2654,9.3401,9.3894,9.8764,9.9369,10.374,10.455,10.589,10.76,11.159,11.16,11.311,11.6,11.679,11.746,11.77,11.854,11.945,12.39,12.423,12.568,12.605,12.821,13.118,13.485,14.021,14.186,14.434,14.805,15.327,15.929,16.191,16.959,17.557,17.565,19.036,22.536,26.016,29.224,32.944,41.061
3.8854,3.9205,5.1526,6.0725,6.7543,7.0002,7.001,7.1162,7.7249,7.8437,7.8762,7.8798,8.5176,9.231,9.3845,9.3904,9.5606,9.8107,9.9416,9.9436,10.187,10.354,10.467,10.599,11.317,11.444,11.633,11.674,11.859,12.013,12.019,12.051,12.118,12.223,12.713,13.054,13.185,13.197,13.33,13.644,13.667,13.712,13.947,14.766,15.155,15.721,16.496,16.666,17.636,17.669,17.805,17.98,17.984,18.634,18.901,20.657,25.428,25.521,30.54,43.647
3.2067,4.7845,5.8722,6.2047,6.5476,6.6469,7.1317,7.3252,8.0341,8.4107,8.4675,8.5333,8.6382,8.6668,8.7334,8.7567,8.7668,8.7739,10.016,10.256,10.321,10.415,10.632,10.833,10.975,10.976,10.977,10.989,11.211,11.41,11.562,11.565,11.628,11.863,12.321,12.356,12.565,12.994,13.112,13.245,13.555,13.584,14.182,14.405,15.202,15.355,15.678,16.912,17.463,17.902,18.118,19.103,19.124,19.206,19.922,21.847,26.811,27.15,31.816,43.439
2.0562,4.7728,5.9707,6.7789,7.779,7.9147,8.2508,8.7896,9.0225,9.1421,9.1692,9.3146,9.5169,9.9311,10.027,10.405,10.609,10.931,10.976,11.009,11.037,11.327,11.345,11.493,11.614,11.634,11.756,12.004,12.104,12.309,12.458,12.829,13.061,13.174,13.566,13.674,13.767,13.774,13.779,13.82,14.023,14.182,14.231,14.356,14.878,14.899,15.728,15.917,16.653,17.203,17.229,17.334,17.654,17.671,18.436,23.48,25.098,27.707,30.532,44.652
3.7174,4.2621,4.6459,4.8019,5.0876,5.941,5.9808,6.2611,6.432,6.5471,6.6693,6.762,8.5577,8.635,8.6888,8.8038,8.9909,9.1069,9.3343,9.7428,10.45,10.557,10.756,10.771,10.805,10.88,10.961,11.022,11.218,11.335,11.379,11.704,11.811,11.963,12.396,12.856,12.965,13.499,13.5,13.83,13.904,13.906,14.23,14.375,14.386,14.991,15.1,15.149,15.73,17.061,17.29,17.468,18.244,19.193,19.714,23.099,25.937,29.483,31.174,42.807
4.5685,4.7793,5.6834,6.4679,6.7351,6.9833,7.682,7.7373,7.798,7.8281,7.8413,8.1443,8.1772,8.1965,9.1043,9.1925,9.3267,9.8849,9.9304,9.9553,10.147,10.542,10.625,10.762,10.889,11.731,11.781,11.818,11.85,12.217,12.304,12.54,12.597,12.817,12.83,12.866,12.874,12.926,13.642,14.223,14.263,14.471,14.588,14.715,15.041,15.593,15.915,16.092,16.146,16.267,17.719,17.944,18.257,18.97,19.897,23.522,26.17,27.835,31.673,42.712
3.4093,4.6428,6.0231,6.5139,6.7833,6.8147,7.0733,7.0825,7.2266,7.3749,7.6576,7.6883,7.9299,8.0659,8.1259,8.5052,8.7176,8.9305,9.0419,9.177,9.7659,9.9503,10.452,10.634,10.896,11.058,11.121,11.145,11.229,11.549,11.637,11.921,12.009,12.052,12.524,12.783,12.9,13.212,13.335,13.399,14.193,14.242,14.7,14.713,15.367,15.42,15.492,16.59,16.815,18.095,18.193,18.4,19.316,19.335,19.965,24.619,28.04,29.994,33.201,43.685
2.912,3.0469,3.0626,4.1954,5.3373,5.8392,5.8634,6.3335,7.3468,8.0297,8.0485,8.0494,8.5225,8.9452,8.997,9.3158,9.4041,9.4454,9.7087,9.8797,10.24,10.784,10.805,11.117,11.376,11.405,11.442,11.767,12.16,12.207,12.265,12.358,12.369,12.446,12.525,12.709,12.922,13.536,13.557,13.633,13.947,13.959,14.265,14.289,14.293,14.765,15.217,15.372,15.658,16.558,17.127,17.843,17.848,18.539,19.276,20.115,25.436,27.179,30.662,44.669
3.4527,4.4736,5.5819,6.077,6.7114,6.896,7.2852,7.4233,7.9831,8.0818,8.108,8.544,8.6354,8.9123,8.9661,9.6256,9.6829,9.6989,9.723,9.7917,9.9177,9.9855,10.049,10.101,10.783,11.158,11.21,11.226,11.29,11.304,11.387,11.465,11.523,11.941,12.286,12.475,12.763,13.099,13.116,13.251,13.323,13.53,13.534,14.297,14.334,14.421,14.465,14.541,16.543,16.766,16.829,16.861,18.524,18.576,19.324,21.207,28.681,29.408,33.653,40.37
2.7451,4.7335,5.032,5.0364,5.2867,5.704,5.7109,6.5457,6.9848,7.1954,7.363,7.6772,8.2088,8.2592,8.3612,8.5027,8.9572,9.3332,9.5348,9.5386,9.7586,9.9211,9.9427,9.9446,10.038,10.47,10.68,10.685,11.002,11.435,11.768,12.451,12.618,12.763,12.941,12.95,13.077,13.323,13.374,13.486,13.685,13.835,13.933,14.378,14.762,14.802,15.597,16.095,17.241,18.272,18.604,19.342,19.445,19.512,19.872,20.011,27.494,28.462,34.347,41.289
1.8977,4.705,7.0262,7.0786,7.1276,7.1624,7.3466,7.5757,8.3023,8.4646,8.5981,8.6476,8.7139,9.0632,9.0722,9.2836,9.4227,9.4485,9.467,9.7258,9.7991,9.9767,10.059,10.103,10.113,10.121,10.309,10.486,10.557,10.628,10.763,10.81,10.844,11.044,11.356,11.497,11.624,11.763,11.979,12.211,12.367,12.429,12.847,13.783,14.089,14.294,14.441,14.915,15.087,15.313,15.314,17.856,18.372,18.429,19.175,20.456,25.448,28.247,31.54,42.128
4.3839,4.8596,5.0765,5.4409,6.7744,6.975,7.2185,7.2561,7.572,7.6214,7.8476,7.8708,8.8515,8.8625,9.2292,9.58,9.6941,9.7033,9.7144,9.8557,10.415,10.572,10.643,10.838,10.9,11.104,11.112,11.22,11.601,11.914,12.139,12.38,12.439,12.556,13.124,13.17,13.196,13.54,13.917,13.983,14.109,14.249,14.317,14.546,14.797,14.846,15.117,15.358,15.697,15.935,17.631,17.94,18.129,18.224,19.194,23.851,25.796,29.491,30.585,43.611
3.0376,4.6935,5.0362,5.362,7.2213,7.5236,7.6436,7.832,8.6406,8.6756,8.8755,9.1825,9.3048,9.3338,9.4494,9.9814,10.093,10.328,10.424,10.473,10.494,10.638,10.764,10.982,11.228,11.483,11.487,11.544,11.76,12.065,12.282,12.355,12.697,12.98,13.307,13.374,13.414,13.562,13.597,13.66,14.041,14.288,14.331,14.795,15.168,15.292,15.996,16.298,16.37,16.482,17.02,17.148,17.401,17.684,19.748,21.231,25.235,28.413,32.499,42.223
2.2963,4.2595,5.5754,6.0603,6.1305,6.1985,6.3858,6.823,6.8276,7.1561,7.206,7.3917,7.634,7.6923,7.907,7.9714,8.9114,9.0316,9.0482,9.1187,9.3978,9.5234,9.6991,9.9523,10.09,10.343,10.876,10.908,11.801,12.054,12.218,12.462,12.867,13.003,13.025,13.115,13.382,13.42,13.428,13.667,13.747,14.479,14.55,14.939,15.308,15.4,15.85,16.632,16.697,16.899,17.643,18.088,18.123,18.345,19.456,22.761,25.988,29.946,30.484,42.643
2.6172,4.7567,5.6203,5.8561,6.2135,6.8755,7.2366,7.2703,7.2865,7.7315,8.3942,8.7622,9.0391,9.4974,9.7633,9.8539,10.118,10.154,10.294,10.669,10.727,10.763,10.789,11.009,11.658,11.743,11.924,12.288,12.582,12.642,12.706,12.826,12.828,12.832,12.947,13.215,13.222,13.994,14.011,14.041,14.186,14.386,14.591,14.689,15.405,15.503,15.564,15.742,16.406,16.748,17.139,17.159,17.164,17.493,18.189,20.041,25.424,27.215,30.352,42.146
2.5497,3.9189,6.6788,7.6341,7.6954,7.8906,7.9431,8.1487,8.4595,8.5324,8.6942,9.048,9.1138,9.2476,9.6651,9.8635,9.8923,9.8999,10.013,10.746,10.758,10.831,10.903,11.134,11.215,11.289,11.541,11.784,11.932,12.092,12.349,12.813,12.926,13.219,13.296,13.319,13.335,13.391,13.416,13.435,13.509,13.551,13.912,14.325,15.12,15.272,15.401,15.543,15.924,16.33,17.586,17.612,17.774,18.977,19.406,21.877,25.014,26.359,30.087,42.575
3.2316,3.7724,7.6247,7.7403,7.9763,8.0616,8.4535,8.7488,9.2967,9.4195,9.8689,9.8716,10.269,10.56,10.631,10.871,11.018,11.119,11.24,11.376,11.38,11.48,11.635,11.643,11.714,11.741,12.29,12.61,12.76,13.135,13.176,13.264,13.371,13.96,13.995,14.096,14.346,14.381,15.277,15.433,15.765,16.111,16.119,16.124,16.194,16.485,16.573,17.22,17.232,17.236,17.522,17.525,17.821,18.381,19.8,20.057,27.343,28.45,31.455,40.634
0.56591,2.5926,4.12,4.7241,5.2866,6.2238,7.0492,7.3513,7.8715,7.8905,8.2116,8.3168,8.37,8.4814,8.5172,8.6681,9.023,9.1051,9.1243,9.6937,10.105,10.268,10.92,11.071,11.304,11.409,11.509,11.684,11.813,11.832,12.038,12.366,12.495,12.598,12.682,12.964,13.338,13.633,13.906,14.762,15.07,15.163,15.245,15.529,15.697,16.007,16.252,16.324,16.394,17.7,18.561,19.167,19.305,19.669,19.992,20.788,25.174,25.19,34.83,41.849
4.3019,4.8249,6.2554,6.3123,7.0417,7.1781,7.4712,7.4778,7.5126,7.6911,7.8178,8.4102,8.5748,8.8297,9.1488,9.2412,9.3058,9.389,10.209,10.217,10.23,10.359,10.424,10.596,10.622,10.874,10.897,11.011,11.149,11.235,11.45,11.869,12.306,12.53,12.745,12.8,13.135,13.61,13.741,14.948,15.061,15.209,15.364,15.85,16.003,16.1,16.124,16.211,16.327,17.212,18.051,18.729,18.768,19.067,19.556,20.523,25.055,27.369,33.261,40.935
4.3611,4.7096,5.9974,6.4359,6.5605,7.2193,7.6121,7.6249,8.1844,8.5034,8.6524,8.7374,8.9409,9.0407,9.0566,9.3144,9.3464,9.7596,10.032,10.148,10.158,10.186,10.304,10.35,10.49,10.551,10.572,10.853,11.014,11.496,11.622,11.637,12.228,12.63,12.767,12.887,12.894,13.253,13.4,13.496,14.01,14.48,14.549,14.993,15.088,15.176,15.338,15.507,15.944,16.074,16.439,16.52,17.894,18.183,19.655,20.905,25.317,29.901,31.938,43.802
3.3763,4.9021,6.2691,6.2846,6.6857,7.63,7.6753,8.5015,8.5668,8.7685,8.8962,8.9891,9.0591,9.2053,9.2092,9.729,9.7531,9.8553,10.069,10.366,10.375,10.62,10.907,10.984,11.065,11.07,11.777,12.003,12.124,12.221,12.327,12.611,12.632,12.746,12.762,12.79,13.451,13.452,13.804,14.04,14.144,14.552,14.68,14.993,15.079,15.093,15.196,15.236,15.663,15.821,16.494,16.641,16.869,17.307,19.876,20.853,26.176,29.04,32.046,41.274
3.9672,4.8695,6.3313,6.3971,6.65,7.3646,7.7761,8.0172,8.5486,8.5664,8.863,9.0408,9.2171,9.3342,9.5372,9.7817,9.9129,9.94,10.308,10.322,10.495,10.508,10.676,10.753,10.94,10.993,11.14,11.228,11.283,11.558,11.578,11.796,11.827,12.059,12.061,12.229,12.298,12.741,12.971,13.659,13.67,13.782,14.217,14.953,15.039,15.545,15.646,15.793,16.064,16.189,17.101,17.179,18.095,18.364,19.286,20.358,25.619,28.384,31.842,43.601
3.9422,4.5027,5.7902,6.3426,6.3545,6.4926,7.5546,7.6329,7.8304,8.0304,8.5844,8.6694,9.1791,9.6012,9.6632,9.807,9.828,9.8575,10.239,10.638,10.663,10.68,10.777,10.783,10.863,11.03,11.253,11.286,11.597,11.793,11.902,12.074,12.208,12.408,12.409,12.593,12.733,12.849,12.892,13.363,13.496,13.76,13.843,14.219,14.335,14.74,15.204,15.374,15.528,16.358,17.869,18.666,18.695,19.133,19.852,20.903,25.115,25.568,34.21,42.444
4.0984,4.695,5.4373,6.0928,6.3063,6.6503,6.7551,6.756,7.1943,7.5742,8.2888,8.5215,8.8401,8.9113,8.9898,9.199,9.4694,9.5617,10.062,10.31,10.393,10.644,10.688,10.732,10.738,10.75,10.832,10.903,10.981,10.986,11.173,11.387,11.761,11.82,12.278,12.312,12.661,13.067,13.66,13.761,13.869,14.005,14.454,14.667,15.076,15.259,15.556,16.011,16.231,16.286,16.304,17.484,18.471,18.924,19.211,23.057,25.48,26.988,31.875,40.578
0.16822,2.1797,4.1524,4.3137,6.0584,7.048,7.4597,7.6181,8.555,8.8175,9.1754,9.2057,9.3802,9.3965,9.4283,9.6604,10.357,10.723,10.759,10.974,11.216,11.279,11.372,11.378,11.442,11.525,11.706,11.929,11.959,12.06,12.066,12.436,12.537,12.887,13.009,13.205,13.212,13.609,14.087,14.408,14.507,14.711,14.801,14.953,15.515,15.662,15.71,15.853,17.024,17.336,17.349,18.897,18.967,19.019,19.938,22.754,26.263,27.436,31.963,44.071
2.1838,2.9175,3.802,4.461,5.6706,7.0112,7.5132,7.627,8.0747,8.4395,8.5306,8.6568,8.9746,9.5858,9.6252,9.6845,10.157,10.663,10.968,11.222,11.332,11.615,11.628,12.078,12.378,12.675,12.744,12.771,12.774,12.883,13.066,13.339,13.449,13.586,13.718,13.821,14.068,14.337,14.733,14.781,14.802,14.98,15.231,15.238,15.549,15.596,15.663,15.728,16.105,16.297,16.552,17.133,17.929,18.944,19.088,20.323,25.879,27.085,34.585,42.344
1.5763,2.5857,2.8739,4.9978,5.8082,6.3645,6.5653,7.2184,7.2928,7.4434,8.2739,8.3061,8.605,9.214,9.2888,9.396,9.8662,9.8976,9.9679,9.976,10.121,10.202,10.298,10.44,10.486,10.843,11.521,12,12.029,12.531,12.796,12.824,13.079,13.082,13.329,13.49,13.51,13.813,13.855,13.875,14.183,14.27,14.709,14.744,15.053,15.616,16.474,16.759,16.936,17.031,17.523,17.844,18.681,18.841,19.154,21.536,26.48,28.276,34.892,43.171
4.2604,4.7539,5.9585,6.303,6.3127,7.0708,7.349,7.7834,7.784,8.0796,8.1414,8.1574,8.2233,8.7387,8.9083,8.9173,9.0786,9.0868,9.1127,9.1608,9.5415,9.5526,9.5726,9.6515,10.184,10.382,10.763,11.108,11.327,11.719,11.815,12.137,12.184,12.247,12.596,12.68,13.092,13.306,13.356,13.523,13.811,14.117,14.24,14.404,14.852,14.877,15.467,16.044,16.396,16.735,17.133,17.574,18.053,19.236,19.333,24.855,25.122,25.587,34.935,41.874
2.4849,3.8964,5.0737,5.461,5.8521,6.2596,6.6548,6.776,6.9591,7.094,7.2988,7.331,7.397,7.653,7.6748,7.713,8.329,8.3698,8.3847,9.1004,9.1344,9.1885,9.1912,9.2436,9.6232,9.8185,10.437,10.452,10.752,10.81,10.847,10.882,11.051,11.435,11.546,12.123,12.165,12.783,12.811,13.764,13.785,13.911,14.2,14.375,14.453,14.983,15.613,15.765,15.789,16.945,16.984,17.322,17.919,18.816,19.98,21.257,27.271,29.242,30.04,44.781
3.7287,4.3604,5.8689,5.98,6.3835,6.8074,7.6649,7.7064,7.9549,7.9716,7.9792,8.152,8.1832,8.1908,8.2802,8.3161,8.3345,8.3374,8.3898,8.7529,8.7862,9.0423,9.0898,9.2831,9.3552,9.3976,9.6777,9.9204,10.194,10.315,10.504,10.601,10.743,11.438,11.743,11.894,11.986,12.444,12.605,12.747,12.751,12.871,12.91,13.879,14.111,14.332,14.385,14.472,15.739,16.324,17.326,17.633,18.389,18.707,19.131,20.762,26.504,27.659,31.501,40.49
3.9371,4.361,5.5035,6.5384,7.3763,7.5323,7.5587,7.6474,7.7243,8.2371,8.4554,8.7755,9.1465,9.1717,9.3267,9.4074,9.638,9.7157,10.574,10.675,10.684,10.707,11.15,11.511,11.747,11.927,12.142,12.153,12.197,12.571,12.629,12.661,12.698,13.046,13.1,13.242,13.308,13.418,13.507,13.813,13.996,14.057,14.175,14.335,14.354,14.885,15.413,15.534,15.549,16.397,16.934,17.049,17.344,17.41,19.917,20.79,25.839,27.134,33.21,40.213
2.9516,4.8488,6.5834,6.7211,7.7384,7.9642,8.4727,8.4786,8.6005,8.9105,8.9636,9.3826,9.5068,9.9003,10.081,10.121,10.176,10.442,10.453,10.515,10.586,10.701,10.864,11.176,11.593,11.629,11.729,11.783,11.798,11.913,11.953,12.123,12.416,12.514,12.518,12.64,12.684,12.746,12.754,13.187,13.305,13.477,13.696,13.72,13.779,13.877,14.243,14.808,15.237,16.031,16.917,16.963,18.63,18.982,19.813,23.494,25.915,29.421,32.527,40.137
3.1824,4.6282,5.6138,8.1663,8.202,8.2074,9.2892,9.359,9.6603,9.7272,9.7511,9.7976,10.065,10.191,10.237,10.397,10.403,10.601,10.679,10.975,11.157,11.175,11.237,11.594,11.721,11.734,11.735,11.774,11.982,12.029,12.086,12.399,12.456,12.568,12.597,12.808,13.056,13.406,13.485,13.717,13.989,14.023,14.037,14.348,14.387,14.58,14.632,14.879,15.178,15.236,15.289,16.355,16.952,18.117,18.302,22.066,25.053,26.802,31.06,41.017
3.5763,4.2839,7.1362,7.368,7.5398,7.7299,8.018,8.2236,8.4907,8.5063,8.5885,8.7234,8.7304,9.1334,9.4732,9.7104,10.288,10.565,10.733,11.104,11.531,11.533,11.535,12.067,12.08,12.103,12.262,12.47,12.583,12.635,12.826,13.155,13.224,13.335,13.603,13.661,14.153,14.424,14.514,14.568,14.656,14.823,14.832,14.923,15.06,15.58,16.265,16.288,16.531,16.926,17.349,17.535,17.988,19.787,19.811,20.197,25.056,26.311,30.77,43.409
4.6856,4.9768,5.5293,6.8413,6.8752,6.9148,8.6691,9.0404,9.6556,9.7464,10.01,10.065,10.312,10.375,10.755,10.895,10.969,11.13,11.239,11.302,11.337,11.421,11.431,11.538,11.695,11.811,11.827,11.955,11.983,12.023,12.06,12.107,12.229,12.316,12.596,13.012,13.199,13.359,13.659,14.151,14.224,14.283,14.335,14.562,14.653,14.935,15.272,15.76,15.779,16.351,17.8,18.314,19.427,19.429,19.997,23.188,25.22,26.21,31.362,40.011
4.7573,4.9099,5.5226,5.6946,6.9372,7.3233,7.8823,7.9662,8.0541,8.3063,8.5159,9.1581,9.3379,9.5445,9.6466,9.9203,10.022,10.134,10.337,10.415,11.001,11.059,11.095,11.258,11.3,11.3,11.308,11.319,11.377,12.195,12.375,12.449,12.666,12.672,12.755,12.852,12.867,13.027,13.088,13.113,13.182,13.649,13.906,13.927,13.934,13.982,14.246,14.626,15.13,15.808,16.342,16.823,17.985,18.07,18.613,21.34,26.044,29.232,34.261,40.054
3.8989,4.8392,5.5603,5.5969,6.3163,6.7081,6.7957,7.1392,7.2232,7.2521,7.4442,7.5705,8.3178,8.7853,8.804,9.0655,9.6734,9.704,10.114,10.554,10.89,10.976,11.231,11.316,11.325,11.388,11.56,11.774,12.043,12.063,12.209,12.251,12.357,12.384,12.387,12.399,12.418,12.626,12.895,13.18,13.335,13.711,14.803,14.875,15.427,15.614,15.954,16.038,16.09,16.124,17.631,17.715,18.532,19.087,19.622,23.047,25.93,26.007,33.317,44.267
3.2199,3.9124,4.6988,4.7887,6.3779,8.0996,8.557,8.7911,8.8146,8.845,9.0574,9.2981,9.3411,9.4699,9.712,9.9676,10.001,10.334,10.571,10.634,10.815,10.966,10.991,11.228,11.292,11.392,11.563,11.599,11.648,11.862,12.26,12.862,12.882,13.242,13.269,13.274,13.389,13.425,13.655,13.788,14.073,14.082,14.416,14.681,15.142,15.238,15.242,15.642,15.883,16.36,16.687,16.751,17.52,18.132,18.461,22.466,26.571,28.897,34.562,41.995
4.0687,4.7835,5.8223,6.6605,6.796,7.2784,7.6026,7.6825,7.7949,8.2514,8.344,9.0763,9.1383,9.4171,9.4913,9.5598,10.267,10.493,10.512,10.689,10.845,10.995,11.337,11.354,11.392,11.446,11.459,11.593,11.627,11.799,11.801,12.357,12.429,12.59,12.814,12.825,12.829,12.858,12.95,13.239,13.435,13.516,13.797,14.699,15.211,15.272,15.344,15.672,16.02,16.372,16.566,17.146,17.574,18.879,19.24,20.909,26.552,26.984,30.229,43.638
4.1697,4.9138,5.6225,6.109,6.5936,7.5368,7.8554,7.9639,8.7635,8.9874,9.8054,9.9777,10.025,10.263,10.352,10.365,10.367,10.421,10.438,10.607,10.661,10.668,10.686,10.781,10.888,10.987,11.312,11.343,11.386,11.591,11.765,11.899,11.909,11.946,12.077,12.153,12.31,12.536,12.606,12.697,12.87,13.971,14.056,14.137,14.274,14.597,15.367,15.585,15.625,15.638,15.704,15.943,16.116,16.161,17.884,22.846,26.986,29.154,30.762,44.059
3.7829,3.9964,4.2575,4.5062,5.8941,6.2088,7.9613,8.5979,8.9661,9.0575,9.4926,9.5946,9.6492,9.8013,10.169,10.495,10.668,10.886,10.969,11.186,11.206,11.52,11.862,12.116,12.467,12.573,12.663,12.721,12.92,13.122,13.135,13.431,13.447,13.475,13.527,13.642,14.011,14.822,15.101,15.118,15.303,15.528,15.836,16.186,16.333,16.708,16.977,17.205,17.455,17.544,17.582,17.757,18.185,19.464,19.859,20.639,27.126,29.1,30.055,42.274
2.9398,3.8964,5.7632,5.9234,6.2169,6.4404,7.3578,7.5621,8.2409,8.9604,9.1026,9.4021,9.5741,9.6039,9.7186,9.9895,10.009,10.158,10.326,10.436,10.573,10.777,10.872,10.959,11.053,11.08,11.096,11.181,11.499,11.78,11.879,12.023,12.593,12.794,13.698,13.775,13.876,13.892,14.126,14.892,14.975,14.989,15.147,15.797,16.083,16.499,16.559,17.474,17.515,17.601,17.654,18.717,18.901,19.21,19.883,21.165,25.163,29.057,30.22,42.259
4.288,4.8185,5.3885,6.1248,6.2375,6.5731,7.3428,7.5645,7.7139,7.8902,8.3555,8.3743,8.9841,9.1065,9.1173,9.1235,9.1947,9.711,9.811,9.9214,10.081,10.19,10.472,10.525,10.642,10.962,10.978,11.101,11.107,11.282,11.383,11.772,12,12.175,12.209,12.388,12.429,12.777,13.02,13.268,13.723,14.043,14.053,14.223,14.284,14.883,15.231,15.554,15.833,16.014,16.223,16.451,17.533,17.751,19.098,21.461,28.378,29.622,32.628,43.566
2.1141,4.6136,5.8312,7.0482,7.3909,7.7295,7.7972,8.0144,8.0366,8.6277,8.675,8.7069,8.8466,8.955,9.0804,9.1506,9.464,9.7409,10.074,10.374,10.39,10.652,10.86,10.94,11.093,11.153,11.248,11.251,11.428,11.852,11.953,12.265,12.345,12.946,12.99,13.205,13.364,13.398,13.481,13.587,13.59,13.631,13.747,13.776,14.804,14.903,15.543,15.688,16.104,17.069,17.478,18.206,18.731,18.776,19.807,21.672,25.016,28.776,32.618,40.787
2.9179,4.1522,5.6328,6.5078,6.7814,7.0281,7.1438,8.1554,8.25,8.503,8.6855,8.9454,9.2009,9.3674,9.3944,9.5305,9.5695,9.9361,10.01,10.395,10.428,10.48,10.69,10.739,11.227,11.286,11.57,11.618,11.679,11.8,12.089,12.424,12.56,12.591,12.918,12.989,13.104,13.178,13.198,13.2,13.538,13.61,13.787,13.819,13.872,14.1,14.105,14.107,15.626,15.649,15.864,16.32,16.536,17.97,18.898,23.111,26.922,28.316,30.836,40.475
2.7667,3.7859,6.3682,6.4677,6.9415,6.9922,7.2397,7.2497,8.0266,8.29,8.39,8.8721,8.9573,9.0832,9.758,9.8168,9.8564,9.8709,10.002,10.199,10.285,10.288,10.392,10.65,10.845,10.86,10.875,11.059,11.196,11.468,11.692,11.744,11.751,12.076,12.116,12.159,12.375,12.485,12.878,12.915,13.242,13.404,13.524,13.617,13.864,14.327,14.612,14.812,15.471,15.74,15.979,16.117,16.526,17.246,18.152,21.54,26.01,28.168,33.492,41.265
4.0244,4.2786,5.2003,5.5766,6.5494,6.8857,7.0293,7.7728,8.1638,8.6695,8.6856,8.7368,9.5388,9.8136,10.048,10.108,10.11,10.18,10.408,10.56,10.615,10.811,10.832,10.832,10.85,10.871,11.049,11.319,11.32,11.329,11.462,11.535,11.669,11.735,11.947,12.083,12.35,12.421,12.998,13.656,13.734,13.782,14.111,14.193,14.587,14.666,15.081,15.256,16.09,16.223,17.182,17.244,17.344,17.507,18.299,20.729,26.512,27.997,30.741,42.108
3.1041,4.2149,5.1479,6.3547,8.2648,8.3539,8.3798,8.4389,8.5824,8.5855,8.6752,8.9205,8.9878,9.1324,9.2261,9.6422,10.228,10.452,10.616,10.692,10.979,11.197,11.268,11.337,11.418,11.505,11.733,11.949,11.967,12.203,12.238,12.319,12.366,12.397,12.582,12.589,12.74,12.946,13.416,13.466,13.903,14.693,15.194,15.348,15.469,15.819,15.846,15.93,15.954,16.652,17.25,17.336,18.721,18.804,19.383,22.16,25.881,27.538,31.816,40.279
4.9522,4.9898,5.3197,5.3883,6.5359,6.663,7.1979,7.2215,7.3588,7.9582,8.6511,8.6655,8.8138,9.2868,9.388,9.5905,9.7573,9.9771,10.204,10.532,10.605,10.654,10.793,10.867,11.225,11.243,11.573,11.61,11.908,11.963,11.972,12.469,12.891,13.293,13.538,13.671,13.964,13.984,14.262,14.615,14.814,14.818,15.123,15.494,16.468,16.472,16.602,16.814,17.257,17.958,18.165,18.379,18.796,19.665,19.791,23.449,25.502,25.707,31.585,44.637
3.0259,4.3908,5.5076,5.9255,6.1355,6.9682,7.2757,7.5084,7.5755,7.8067,7.8331,8.8411,9.1243,9.1347,9.2305,9.3031,9.3554,9.813,10.569,10.602,10.851,11.058,11.179,11.204,11.208,11.264,11.435,11.673,11.797,11.938,11.984,12.286,12.502,12.737,13.171,13.263,13.551,13.735,13.78,14.113,14.463,14.882,15.117,15.479,16.391,16.582,17.451,17.631,17.751,18.164,18.193,18.705,18.883,19.336,19.708,20.82,25.628,26.957,30.93,41.281
4.6329,4.729,5.0232,5.3524,7.1801,7.2694,7.2742,7.2926,7.799,8.019,8.1838,8.5849,8.8666,9.0663,9.1283,9.1441,9.571,9.6117,9.6806,9.8296,10.405,10.584,10.875,11.015,11.027,11.031,11.221,11.246,11.258,11.477,11.857,11.891,12.073,12.408,12.573,12.713,12.762,12.877,12.893,13.341,13.566,13.984,14.583,14.595,14.653,14.99,15.34,15.364,16.055,16.835,17.083,17.649,18.506,18.588,19.277,24.462,29.159,29.657,32.2,42.824
3.7125,4.2282,5.4794,6.7803,6.7991,7.1419,7.5557,7.7146,8.1317,8.4284,8.4576,8.7559,9.0621,9.1906,9.2653,9.3003,9.4463,9.721,10.218,10.308,10.382,10.967,11.263,11.313,11.405,11.434,11.916,11.935,11.991,12.5,12.5,12.51,12.55,12.711,12.756,12.788,13.072,13.409,13.478,13.626,13.664,14.056,14.075,14.265,14.4,14.589,15.248,15.695,15.793,16.075,16.104,16.821,17.517,19.438,19.506,21.637,25.927,26.835,31.488,41.757
3.9705,4.3397,4.4024,4.4236,4.5083,4.5891,5.0168,6.0883,6.3306,7.0294,7.8969,7.9537,8.1367,8.2711,8.3977,8.515,8.663,8.7033,8.7782,9.0256,9.3805,9.5709,9.6162,9.8467,9.9887,9.9926,10.112,10.22,10.285,10.338,10.404,10.583,11.123,11.604,11.893,11.9,12.389,12.499,12.574,12.849,13.106,13.209,13.806,13.959,14.668,14.965,15.17,15.619,15.866,15.906,17.199,17.506,18.402,19.309,19.86,21.556,27.768,28.949,33.27,40.058
3.7927,4.0942,5.2908,5.8999,6.5808,6.8989,7.1945,7.8027,8.3406,8.8515,9.1872,9.2075,9.5518,9.794,9.7942,9.9982,10.074,10.131,10.318,10.402,10.451,10.724,10.852,10.901,10.981,11.022,11.075,11.655,12.195,12.232,12.309,12.8,12.857,12.867,13.432,13.642,13.789,13.833,14.328,14.334,14.78,14.924,15.088,15.216,15.289,16.01,16.239,16.493,16.58,16.91,17.215,17.918,17.995,19.088,19.748,20.054,26.605,28.48,31.217,43.023
3.8406,4.8386,5.8555,6.1482,7.1451,7.3638,7.5529,7.9799,8.2565,8.4055,8.5412,9.3995,9.4988,9.6349,9.6715,9.9189,10.055,10.715,10.74,10.765,10.799,10.921,11.042,11.374,11.386,11.495,11.858,11.912,11.975,12.01,12.23,12.289,12.35,12.467,12.832,12.883,13.273,13.434,13.677,13.703,13.784,13.926,13.941,14.17,14.259,14.279,14.288,14.972,15.129,15.146,15.224,15.336,16.434,16.957,18.237,21.734,27.436,28.794,32.453,44.857
3.7373,3.7794,5.0207,5.2777,6.9239,7.0081,7.3764,8.0052,8.1547,8.6873,9.0647,9.1066,9.3076,9.5417,9.6015,9.7347,9.7824,9.798,10.258,10.266,10.578,10.986,11.218,11.351,11.663,11.873,11.922,12.139,12.186,12.503,12.548,12.606,12.755,13.036,13.235,13.276,13.425,13.982,14.301,14.576,14.77,14.863,15.278,15.734,16.269,16.269,17.04,17.078,17.08,17.226,17.62,17.658,18.399,19.324,19.797,22.509,25.424,28.334,31.093,40.29
4.6201,4.8245,5.2586,6.2712,6.3756,6.4468,6.9801,7.8427,8.2145,8.3129,8.8138,8.9394,9.2779,9.604,10.021,10.49,11.147,11.186,11.23,11.258,11.316,11.448,11.474,11.623,11.708,11.74,11.762,12.571,12.575,12.795,12.926,13.018,13.193,13.347,13.349,13.407,13.635,13.641,13.69,13.985,14.143,14.501,14.608,14.629,15.968,16.65,16.723,16.766,17.032,17.073,18.297,19.14,19.397,19.407,19.655,22.802,28.203,29.703,31.906,40.415
1.1607,2.7099,3.8788,4.9858,5.9175,6.1134,6.3239,6.4294,6.8791,7.3339,7.4927,7.845,8.5623,8.6492,8.9284,8.9484,9.4438,9.6702,10.045,10.081,10.236,10.242,10.44,10.457,10.527,10.636,10.882,10.931,11.016,11.033,11.162,11.338,11.534,11.603,11.776,11.925,12.073,12.574,12.633,13.573,13.802,13.808,13.813,14.005,14.083,14.251,14.363,14.863,15.467,15.903,16.13,16.665,16.686,18.96,18.995,20.948,25.411,26.858,30.759,40.695
4.0457,4.3479,6.0565,6.246,7.4009,7.5555,8.2736,8.7931,8.7958,9.0583,9.1251,9.5173,9.5755,9.6703,9.7566,9.7801,10.004,10.149,10.153,10.323,10.398,10.408,10.694,10.731,10.819,10.851,11.187,11.376,11.42,11.558,12.073,12.3,12.488,12.561,12.948,13.186,13.209,13.275,13.483,13.676,13.829,14.165,14.187,14.754,14.795,14.896,14.911,14.984,15.088,16.21,16.738,17.265,17.61,19.799,19.898,22.863,27.208,29.394,30.862,43.824
4.6238,4.9447,5.9671,7.2512,7.2604,7.6887,7.8743,8.249,8.2738,8.3329,8.3851,8.4256,8.4507,8.8971,9.1922,9.4166,9.4573,9.5256,10.107,10.28,10.984,11.035,11.075,11.076,11.079,11.1,11.15,11.212,11.242,11.325,11.565,11.85,12.168,12.338,12.405,12.54,12.547,12.617,12.728,12.808,12.819,13.65,14.271,14.424,14.459,14.696,14.886,14.926,15.054,15.058,16.386,16.465,16.68,18.584,19.175,23.52,25.532,28.018,30.824,42.296
4.5014,4.7069,5.3909,5.4811,6.1049,6.3867,6.4093,6.5821,6.6359,7.5495,7.5654,8.2831,8.9818,9.0191,9.1642,9.1909,9.5828,9.7352,10.138,10.384,10.395,10.928,11.13,11.139,11.412,11.457,11.473,11.609,11.761,12.233,12.588,12.66,12.842,12.85,12.926,13.02,13.102,13.212,13.241,13.472,13.604,13.95,14.232,14.341,14.642,14.881,15.003,15.484,16.703,17.179,18.158,18.377,18.525,18.783,19.007,20.657,25.709,25.997,34.533,41.862
4.3215,4.4771,5.4644,6.0495,6.0925,6.3642,6.5702,7.3749,7.4864,8.2511,8.7843,8.8655,9.3038,9.6665,9.7486,9.8347,10.118,10.123,10.433,10.68,10.7,10.705,10.925,11.165,11.239,11.327,11.592,11.64,11.679,11.747,12.035,12.162,12.176,12.288,12.3,12.449,12.581,12.585,12.877,13.147,13.271,13.614,14.21,14.307,14.314,14.357,15.193,15.269,15.831,15.975,16.837,17.259,17.374,17.739,17.979,21.076,25.006,27.528,32.662,40.681
4.6139,4.8216,5.6592,5.9217,6.0786,6.2387,6.3566,6.5511,6.6963,6.7173,6.7294,6.8453,7.1525,7.1669,7.405,7.4224,7.6613,8.0141,8.3998,8.7119,9.0017,9.3559,9.5948,9.7856,10.032,10.465,10.706,10.944,11.033,11.329,11.579,11.911,12.61,12.868,13.056,13.197,13.24,13.356,13.396,13.439,13.645,13.765,13.774,13.88,14.131,14.374,14.713,14.935,15.048,15.657,16.081,17.048,18.572,18.63,19.816,24.107,27.592,29.265,33.129,41.95
4.1824,4.4973,5.0448,5.4169,5.8624,5.9641,6.5653,6.7216,6.9219,7.6334,8.2292,8.6558,8.8006,8.8013,9.2879,9.5996,9.6898,9.7066,10.012,10.101,10.162,10.221,10.26,10.333,10.429,10.549,10.744,10.857,10.858,10.863,10.882,11.625,11.824,12.03,12.041,12.119,12.729,12.91,13.154,13.307,13.422,13.902,14.193,14.56,15.276,15.277,15.453,15.503,15.764,16.017,16.036,16.131,16.46,17.009,19.884,22.255,25.714,29.405,31.847,43.485
4.1104,4.7387,5.2959,6.7071,7.0694,7.7685,7.9968,8.0484,8.685,8.7019,8.7436,8.7921,8.8758,9.2629,9.3096,9.5439,9.7784,9.8056,10.095,10.195,10.473,10.935,11.017,11.039,11.306,11.474,11.507,11.554,11.626,11.657,11.759,11.837,12.033,12.052,12.45,12.55,12.579,12.61,12.639,12.673,12.831,12.847,12.948,13.051,13.379,13.399,14.717,14.846,15.383,15.93,17.169,17.419,18.548,19.532,19.604,20.08,25.328,29.118,31.411,40.843
3.1959,3.8184,5.1529,5.4991,6.5924,7.431,7.4969,7.5551,7.6396,7.6938,8.3462,8.3896,8.4026,8.6816,8.8099,9.1947,9.3293,9.8571,10.514,10.624,10.674,10.963,11.686,11.788,11.811,11.895,11.902,11.946,12.002,12.042,12.062,12.085,12.709,12.779,12.811,13.005,13.059,13.232,13.354,13.815,13.887,13.989,14.371,14.464,14.595,14.755,15.513,15.964,16.004,16.623,16.987,18.402,18.791,19.494,19.859,24.133,26.636,28.523,34.839,43.973
4.8032,4.9813,5.5037,7.2322,8.1037,8.5351,8.9335,8.9367,9.5196,9.6559,9.9912,9.9948,10.198,10.403,10.433,10.508,10.641,11.181,11.188,11.284,11.291,11.306,11.481,11.507,11.607,11.656,11.698,11.842,12.021,12.285,12.349,12.455,12.457,12.723,12.871,13.019,13.085,13.178,13.372,13.709,14.232,14.435,14.669,14.671,15.282,15.579,15.858,16.018,16.329,16.418,16.609,16.959,17.507,18.141,19.455,24.205,28.791,29.813,32.193,40.439
1.3895,3.2771,6.0829,6.8514,7.0854,7.4049,7.6858,8.0444,8.203,8.26,8.7022,8.7777,9.2712,9.4017,9.5799,9.6018,10.203,10.291,10.606,10.643,10.746,11.111,11.459,11.987,12.059,12.062,12.204,12.516,12.64,12.68,12.7,12.823,12.971,13.107,13.141,13.187,13.196,13.354,13.359,13.422,13.457,14.334,14.565,14.845,15.127,15.412,15.732,16.428,17.014,17.212,17.358,17.66,17.905,18.939,19.605,21.78,25.102,25.436,32.841,40.574
2.0304,4.903,5.9583,6.6585,7.0938,7.8615,8.0859,8.3945,8.4807,8.5308,9.5715,9.908,10.115,10.403,10.627,10.644,10.677,10.716,10.76,10.791,10.797,10.863,10.911,10.944,11.222,11.337,11.495,11.958,12.064,12.237,12.25,12.802,12.92,13.628,13.903,13.977,14,14.179,14.646,14.847,15.014,15.196,15.892,16.501,16.502,16.979,17.097,17.467,17.689,17.942,18.054,18.595,18.768,18.903,19.606,24.365,27.432,29.098,30.033,40.425
3.5479,4.6859,5.8661,5.9477,8.1171,8.2175,8.2482,8.3707,9.3463,9.6933,9.8603,9.9605,10.066,10.163,10.32,10.337,10.395,10.592,10.639,10.64,10.96,11.11,11.264,11.289,11.406,11.547,11.916,11.917,12.099,12.111,12.178,12.261,12.466,12.703,12.998,13.155,13.188,13.497,13.641,14.061,14.112,14.165,14.402,14.525,14.719,14.827,15.392,15.994,16.085,16.72,17.467,17.941,18.001,18.714,18.739,20.04,25.828,29.372,30.716,41.206
4.1024,4.5497,5.1315,5.965,6.2369,6.584,6.9069,7.6402,7.6405,7.8628,8.2702,8.3245,8.9903,9.2181,9.3993,9.5602,9.5619,9.5659,10.301,10.368,11.182,11.312,11.701,11.755,11.822,12.113,12.227,12.235,12.35,12.412,12.428,12.649,12.908,13.183,13.241,13.347,13.373,13.412,13.628,13.686,13.949,14.199,14.698,14.756,15.366,15.708,15.931,16.058,16.257,16.318,16.714,17.668,18.334,19.625,19.819,21.634,26.746,26.932,32.472,43.453
3.5418,4.77,6.4433,6.7525,6.7899,7.3903,7.7794,7.7949,8.265,8.3478,8.6487,8.7382,8.905,9.4662,10.336,10.675,10.755,11.235,11.282,11.295,11.516,11.568,11.581,11.609,11.619,12.035,12.121,12.212,12.252,12.296,12.441,12.522,12.581,12.721,12.782,13.178,13.695,13.74,13.81,13.992,14.385,14.676,15.1,15.751,15.955,16.002,16.07,16.227,16.79,16.863,18.085,18.36,18.42,18.653,19.534,22.191,27.705,29.688,31.425,42.297
4.2859,4.9955,6.07,6.2386,7.5537,7.8241,8.0051,8.2991,8.4644,9.02,9.129,9.1401,9.4774,9.6769,9.7782,9.8266,10.073,10.195,10.331,10.361,11.047,11.114,11.162,11.384,11.45,11.836,11.877,12.147,12.169,12.188,12.38,12.483,12.662,12.811,12.839,12.941,13,13.375,13.684,13.786,14.409,14.82,15.051,15.39,16.56,16.619,16.8,17,17.468,18.164,18.997,19.233,19.666,19.86,19.946,24.869,25.079,26.495,30.218,41.585
4.195,4.4186,5.1795,5.4292,5.997,6.4201,6.4671,6.6908,6.7071,6.7814,6.9506,7.1191,7.1487,7.2167,7.4631,7.6137,8.3099,8.3532,8.411,8.4216,8.8104,8.8982,8.9276,9.3768,9.3857,9.7144,9.7306,9.9893,10.001,10.079,10.218,10.473,10.611,10.848,11.036,11.05,11.122,11.188,11.189,12.063,12.151,12.223,12.409,13.089,13.308,13.419,13.753,14.66,15.309,17.629,17.75,18.625,18.758,18.806,19.37,21.893,26.407,27.779,30.339,40.441
3.9944,4.8616,5.4602,6.4014,6.4968,6.8586,7.4568,7.4982,7.7815,7.7855,8.138,8.3471,8.7073,8.711,8.7186,9.1023,9.1483,9.2472,9.3088,9.3624,9.4921,9.5614,9.881,9.8998,10.531,10.637,11.164,11.204,11.225,11.315,11.753,11.892,11.941,12,12.055,12.149,12.277,12.741,12.868,13.464,13.627,14.079,14.176,14.394,14.419,14.806,15.006,15.061,15.21,15.617,16.003,16.492,17.169,18.079,19.338,21.881,27.097,27.927,34.032,42.689
4.8546,4.9272,5.7068,6.8036,8.0435,8.1584,8.3457,8.3864,8.4377,8.6753,8.7478,8.8648,8.9975,9.1113,9.2638,9.2747,9.5794,9.6003,10.034,10.089,10.134,10.291,10.359,10.611,10.741,10.781,10.806,11.173,11.196,11.249,11.292,11.3,11.336,11.413,11.465,11.485,11.613,11.656,11.979,12.891,12.939,13.053,13.291,13.333,14.086,14.287,15.108,15.402,15.642,16.178,16.292,16.977,17.195,17.532,17.644,21.94,27.635,29.048,30.061,43.281
4.3704,4.6975,5.9912,6.3552,6.4656,6.6072,6.8996,7.5836,7.7879,8.1299,8.1305,8.5441,8.6455,8.7246,8.7636,9.4518,9.691,9.7603,9.8222,9.8281,9.8692,9.9276,10.051,10.722,10.913,11.12,11.455,11.511,11.651,11.827,11.912,11.968,12,12.07,12.727,13.147,13.516,13.638,13.67,14.307,15.165,15.497,15.562,15.7,15.722,16.576,16.733,16.93,17.355,17.768,18.483,18.621,18.714,18.885,19.038,22.524,25.374,26.202,31.48,43.708
3.9806,4.1406,6.3283,6.5378,7.6855,7.8455,7.849,8.2001,8.2549,8.3672,8.4569,8.7654,9.0974,9.2047,9.4216,9.4282,9.7124,9.7899,10.148,10.443,10.727,10.964,11.13,11.813,12.103,12.141,12.297,12.497,12.575,12.612,12.653,12.924,13.041,13.35,13.732,13.878,14.656,14.825,15.04,15.101,15.127,15.185,15.746,16.319,16.66,16.702,16.709,16.733,17.132,17.145,18.178,18.237,19.492,19.575,19.993,22.69,26.434,27.305,34.607,44.539
4.2794,4.9985,6.2485,6.9189,7.0242,7.2025,7.209,7.4499,7.7221,7.7969,8.0622,8.0623,8.9553,9.034,9.2472,9.651,9.6802,9.688,9.8164,9.8705,10.304,10.587,10.659,10.888,10.944,11.037,11.04,11.41,11.541,11.946,12.231,12.231,12.45,12.774,12.927,13.663,13.782,13.789,13.869,14.04,14.194,14.447,14.531,14.801,15.393,15.816,16.041,16.082,16.246,17.095,18.261,18.337,18.684,18.705,18.75,22.398,28.252,29.947,31.377,40.045
3.8388,4.6941,5.6814,6.0715,6.0988,6.2726,6.5531,6.7306,7.8629,8.1611,8.3814,8.4128,8.515,8.5473,8.6505,8.8522,9.2626,9.4416,9.4918,9.7592,9.7921,9.8692,10.126,10.155,10.209,10.639,10.648,11.041,11.054,11.593,12.123,12.258,12.272,12.553,12.625,12.845,13.277,13.502,13.512,13.515,13.843,13.935,14.04,14.345,14.359,14.419,14.685,14.783,15.098,15.124,15.475,16.872,18.619,18.875,19.404,23.447,26.07,28.691,32.314,41.935
4.5017,4.9144,5.115,6.8435,6.8569,7.1046,7.72,7.9732,8.1275,8.3596,8.7361,8.741,8.9724,9.0403,9.4232,9.5413,9.5771,9.6756,9.6901,9.7169,10.045,10.315,10.419,10.681,10.81,11.025,11.218,11.56,11.598,11.657,11.713,12.048,12.242,12.382,12.421,12.608,12.724,12.848,12.876,13.387,13.643,13.806,14.269,14.379,14.557,14.809,14.821,14.932,15.536,16.292,17.009,18.481,18.743,19.058,19.31,23.247,26.474,27.973,32.62,40.545
2.6462,4.6203,5.958,6.0127,6.4897,6.6592,7.0205,7.1711,7.2746,8.4191,8.9418,8.9862,9.0192,9.596,9.6252,9.9549,10.148,10.273,10.283,10.406,10.447,10.716,11.008,11.221,11.228,11.453,11.553,11.654,11.68,11.714,11.94,12.301,12.383,12.537,12.715,12.857,13.038,13.122,13.258,13.689,13.703,13.884,14.396,14.623,14.716,14.832,15.663,16.026,16.543,16.708,17.205,17.696,17.841,18.017,18.886,20.305,25.013,28.383,30.983,42.221
0.42566,2.2585,3.277,4.9228,5.6288,6.7114,6.8355,7.2489,7.3307,7.5955,7.6179,7.7976,7.8588,8.1578,8.3715,8.8404,9.1059,9.6474,9.7272,9.7949,10.033,10.318,10.407,10.468,10.648,10.768,11.067,11.203,11.363,11.645,11.649,11.82,11.833,12.037,12.335,12.612,13.152,13.282,13.438,13.486,13.495,13.673,13.699,13.864,13.896,13.987,14.372,14.899,15.431,15.545,15.674,15.724,15.986,16.148,19.968,20.122,25.487,26.06,34.81,43.315
2.9428,3.3022,4.7364,4.8167,6.57,6.8246,7.1262,7.6395,8.0003,8.1288,8.1467,8.4687,9.0783,9.103,9.272,9.5534,9.5579,9.5598,10.15,10.405,10.67,10.723,11.315,11.332,11.527,11.84,11.859,11.88,12.046,12.204,12.456,12.468,12.476,12.563,13.029,13.094,13.18,13.5,13.574,13.737,13.78,14.099,14.117,14.834,15.096,15.122,15.528,15.812,15.916,16.041,16.378,16.48,16.813,17.953,18.971,21.407,26.762,27.648,31.442,40.249
2.6341,2.9362,3.1354,3.4379,5.9494,6.0016,6.1072,6.5131,7.7566,8.3309,8.4199,8.4778,9.5025,9.6045,9.8664,9.9667,10.491,10.657,11,11.389,11.462,11.492,11.621,11.671,11.706,11.751,11.872,11.987,12.084,12.213,12.9,13.066,13.07,13.097,13.148,13.288,13.512,13.722,14.219,14.252,14.351,14.752,14.819,14.858,15.466,15.564,16.348,16.531,16.596,16.626,16.652,17.011,17.609,19.143,19.529,21.428,26.579,27.168,32.549,42.652
2.9499,4.4452,5.5685,7.0315,7.261,9.0653,9.2303,9.2468,9.7458,9.9327,10.126,10.14,10.247,10.295,10.338,10.925,10.996,11.179,11.285,11.299,11.313,11.432,11.624,11.874,11.886,11.961,11.962,11.978,12.011,12.441,12.62,12.875,12.998,13.116,13.356,13.712,13.827,13.908,14.455,14.472,14.55,14.584,15.151,15.219,15.763,16.033,16.22,16.29,16.967,17.312,17.732,17.916,17.996,19.27,19.608,20.865,25.778,27.394,31.279,41.217
4.719,4.9173,5.8061,6.9632,8.4029,8.6895,8.7897,9.4613,9.5492,9.8189,10.088,10.283,10.392,10.554,10.568,10.661,10.703,10.822,11.184,11.416,11.595,11.62,11.663,12.206,12.344,12.445,12.63,12.83,12.896,13.258,13.512,13.903,14.276,14.481,15.035,15.065,15.297,15.384,15.399,15.514,15.556,15.784,15.83,16.084,16.202,16.239,16.392,16.638,16.841,17.433,17.963,18.407,18.483,18.999,19.186,20.935,26.924,28.638,34.891,41.885
3.802,3.9563,7.1181,7.6742,7.8659,7.9326,8.0665,8.0883,8.1497,8.6199,8.6655,8.8025,8.9659,9.081,9.6892,9.7253,9.8268,9.9291,10.56,10.579,10.585,10.922,11.247,11.317,11.648,11.739,11.764,11.829,11.893,11.974,12.034,12.228,12.265,12.836,13.095,13.436,13.876,13.971,14.62,14.832,15.256,15.438,15.565,15.684,16.106,16.562,16.631,16.747,17.237,17.689,18.368,18.989,19.053,19.728,19.835,22.904,25.262,26.594,32.728,42.107
4.0625,4.2052,4.7807,4.8249,6.0988,6.7678,7.0357,7.241,8.082,8.1854,8.3393,8.3669,8.6666,8.8512,8.9453,9.0599,9.251,9.2579,9.2674,9.6071,10.084,10.194,10.41,10.448,11.123,11.42,11.427,11.482,11.517,11.706,11.972,12.123,12.635,12.953,13.002,13.209,13.39,13.392,13.484,14.086,14.1,14.41,14.618,14.802,15.46,15.481,15.791,16.14,17.021,17.243,17.805,18.734,19.257,19.405,19.864,23.06,25.734,28.697,31.366,41.159
4.4048,4.4471,5.8467,6.2754,6.3403,6.4768,6.517,7.1641,7.5035,7.7094,7.8052,7.8349,7.8927,7.9907,8.1975,8.2429,8.3067,8.5375,8.8709,9.1233,9.3589,9.5633,9.67,9.7122,10.196,10.677,11.278,11.514,11.722,11.783,11.858,11.888,12.062,12.108,12.147,12.821,13.476,13.757,13.912,14.167,14.265,14.375,15.16,15.319,15.523,15.818,16.158,16.241,16.254,16.643,17.316,17.602,18.374,19.319,19.544,23.423,25.13,27.631,31.192,43.275
4.7001,4.9463,5.5028,6.1992,6.4498,6.5827,6.8171,8.2499,8.3759,9.018,9.2813,9.3095,9.3827,9.5445,9.6363,9.6649,9.8847,9.9198,10.043,10.147,10.492,10.554,10.713,10.719,10.945,11.065,11.08,11.244,11.738,11.969,12.203,12.436,12.706,12.734,13.059,13.221,13.239,13.334,13.497,14.073,14.213,14.218,14.346,14.364,15.238,15.872,16.23,16.336,16.474,17.188,18.184,18.314,18.733,19.502,19.993,23.66,25.255,27.375,30.314,42.025
4.8908,4.9421,5.8895,6.0008,6.0764,6.4987,6.5428,7.1096,8.1415,8.1751,8.7722,8.8122,8.8811,9.036,9.158,9.1752,9.7246,9.9796,10.112,10.238,10.561,10.809,10.819,11.009,11.225,11.445,11.602,11.663,11.791,12.176,12.197,12.251,12.381,12.525,12.568,12.686,13.064,13.17,13.541,13.887,13.944,14.134,15.212,15.447,16.037,16.437,17.111,17.493,17.515,17.727,18.167,18.782,19.677,19.685,19.986,23.025,27.218,28.518,32.714,41.461
4.0874,4.6842,5.2793,5.3581,6.7711,6.946,7.2825,7.6351,8.4129,8.8918,9.3217,9.3568,9.3846,9.6533,9.8437,9.9005,10.014,10.057,10.65,10.667,10.755,10.761,10.897,11.024,11.348,11.858,11.875,11.931,12.093,12.1,12.12,12.193,12.217,12.233,12.345,12.502,12.599,12.724,12.905,13.116,13.15,13.295,13.374,14.003,14.345,14.672,14.81,14.944,15.445,15.951,17.293,17.695,18.692,19.415,19.476,21.13,26.794,27.626,30.642,44.213
4.1681,4.6777,5.1106,6.1585,6.4122,7.103,7.3213,7.3792,7.4704,7.4974,8.0345,8.3908,9.0546,9.0992,9.6656,9.6892,9.7702,9.9966,10.156,10.174,10.24,10.244,10.453,10.579,10.769,10.79,10.975,11.505,11.715,11.813,11.92,11.977,12.245,12.286,12.385,12.417,12.697,13.228,13.357,13.408,13.47,13.601,13.667,13.778,14.382,14.877,14.926,14.99,15.398,15.844,16.054,17.066,18.135,18.988,19.789,24.351,28.761,28.937,30.004,40.852
4.1109,4.5654,6.5362,6.631,6.6794,7.6816,7.6947,7.9207,8.0466,8.398,8.5506,8.6853,8.8102,9.6891,9.8579,9.9622,10.312,10.338,10.347,10.771,10.843,11.014,11.11,11.183,11.467,11.563,11.721,11.894,12.759,12.83,12.836,12.907,13.302,13.357,13.475,13.78,14.199,14.267,14.398,14.66,14.925,14.938,15.206,15.745,15.982,16.357,16.698,17.124,17.452,18.763,19.374,19.443,19.49,20.162,20.872,23.648,25.557,25.573,32.307,40.827
3.9803,4.3343,4.374,4.4133,4.4441,4.924,5.8973,5.9693,6.3954,6.5959,6.7369,7.5927,8.467,9.0658,9.0671,9.1142,9.3015,9.9604,10.22,10.323,10.412,10.799,10.896,10.955,11.219,11.4,11.891,11.938,12.323,12.525,12.549,12.7,12.707,12.87,13.087,13.371,13.504,13.524,13.859,14.121,14.172,14.397,14.451,14.994,15.472,15.857,15.876,15.958,16.4,16.767,17.037,17.141,17.507,17.82,18.928,21.152,25.05,25.685,32.366,41.531
3.8984,4.7785,5.2799,5.3485,5.7994,5.8071,6.1684,6.4487,6.4766,6.9443,7.0413,7.122,7.692,8.1214,8.5091,8.7296,9.3126,9.9137,10.021,10.089,10.167,10.208,10.302,10.456,10.473,10.881,10.91,10.922,11.28,11.285,11.395,11.447,11.564,12.049,12.156,12.273,12.429,12.7,13.306,13.36,13.614,14.004,14.031,14.458,14.458,14.474,14.924,14.939,15.615,16.84,17.279,17.652,18.849,19.06,19.966,22.882,26.466,26.875,30.952,41.74
3.6361,4.356,5.3343,6.53,8.0147,8.1184,8.3366,8.3937,8.458,9.5691,9.5995,9.6876,9.8252,9.9334,10.615,10.655,10.892,11.015,11.093,11.236,11.249,11.309,11.324,11.333,11.658,11.835,11.988,12.152,12.492,12.924,13.029,13.053,13.15,13.209,13.236,13.251,13.268,13.3,13.393,13.427,13.901,14.105,14.159,14.249,14.253,14.503,14.552,14.765,15.275,15.279,15.716,15.825,16.465,17.296,18.617,23.535,27.196,28.674,33.253,40.586
4.1314,4.235,5.3074,6.2225,6.5662,7.595,7.6846,7.7419,7.8,7.9495,7.9582,8.3461,8.4323,8.9296,9.1087,9.2135,9.4164,9.457,10.027,10.312,10.335,10.433,10.438,10.592,10.768,10.964,11.04,11.132,11.203,11.315,11.452,11.555,11.663,11.696,11.963,12.458,12.478,12.737,12.772,12.953,13.059,13.446,13.498,13.987,14.024,14.053,14.463,14.949,15.392,16.867,17.348,17.872,18.374,18.423,19.638,22.814,26.757,27.121,30.147,44.663
3.8925,4.5146,5.3151,5.4646,5.8365,5.9422,6.1781,8.6426,8.6772,8.7315,8.8142,8.8924,9.1767,9.207,9.3661,9.6402,9.6407,9.8776,9.9551,9.962,10.207,10.342,10.666,10.948,11.036,11.047,11.057,11.227,11.332,11.42,11.431,11.442,11.71,11.884,12.966,13.017,13.15,13.168,13.405,13.432,13.606,13.675,13.824,13.918,14.091,14.375,14.846,14.901,15.44,15.828,16.054,16.186,18.152,18.273,19.173,23.953,26.868,27.384,31.983,41.274
3.8042,4.9665,5.0371,6.1165,6.534,7.4267,8.0724,8.2536,8.4869,8.7743,9.0346,9.1059,9.2384,9.4219,9.7351,9.9792,10.135,10.315,10.456,10.784,10.805,11.455,11.464,11.489,11.653,11.708,11.738,11.779,11.818,12.01,12.081,12.093,12.215,12.284,12.371,12.42,12.865,12.998,13.443,13.51,13.597,13.617,13.721,13.781,14.023,14.34,15.67,15.843,16.213,16.334,16.338,17.333,17.656,17.732,18.373,24.145,28.173,29.111,32.881,40.253
4.6517,4.7238,5.6829,6.6204,7.1083,7.2774,7.3995,7.5172,8.4231,8.5032,8.8881,9.2177,9.4839,9.9705,10.073,10.368,10.534,10.578,10.596,10.765,10.882,10.888,10.974,11.006,11.206,11.329,11.438,11.467,11.596,11.882,11.905,12.059,12.081,12.191,12.261,12.391,12.638,12.726,12.797,12.839,13.072,13.666,13.878,13.994,14.252,14.403,14.47,14.505,15.239,15.33,16.102,16.157,17.057,19.09,19.53,22.883,26.189,27.604,30.43,40.205
4.3589,4.8224,6.6351,7.1429,7.4112,7.6691,8.3815,8.4274,9.1175,9.4182,9.7142,9.8049,9.8096,9.9618,10.037,10.097,10.186,10.193,10.711,11.068,11.472,11.797,11.996,12.112,12.117,12.214,12.409,12.412,12.497,12.546,12.563,12.577,13.27,13.378,13.489,13.552,13.627,14.165,14.223,14.249,14.284,14.637,15.185,15.634,15.726,16.379,16.664,16.845,16.951,17.119,17.322,17.331,17.43,17.756,18.114,21.233,26.16,26.676,33.692,44.265
4.0806,4.6878,5.0061,5.554,6.4554,7.0484,7.1802,7.2883,7.936,8.4119,8.6703,9.5579,9.8223,9.9498,10.191,10.619,10.649,10.656,10.691,10.764,10.798,10.989,11.122,11.247,11.337,11.42,11.477,11.581,11.621,11.621,12.039,12.178,12.283,12.444,12.736,12.838,13.107,13.266,13.656,13.978,14.061,14.099,14.27,14.447,14.536,14.567,14.608,14.911,16.07,16.874,17.379,18.016,18.467,19.51,19.696,20.339,25.025,25.294,33.107,41.973
2.225,3.6212,6.2375,7.0714,7.1636,7.663,8.2331,8.322,8.4034,8.7564,9.3853,9.4671,10.113,10.179,10.293,10.362,10.394,10.478,10.739,10.802,10.811,11.26,11.294,11.342,11.35,11.365,11.401,11.473,11.508,11.656,11.84,12.324,12.676,12.744,12.855,12.927,13.027,13.158,13.78,14.353,14.504,14.65,15.082,15.194,15.289,15.446,15.48,15.797,16.049,16.068,16.565,16.604,16.991,19.574,19.674,22.64,25.643,27.014,32.594,42.662
2.1371,4.8046,5.2269,6.8614,7.5983,7.7787,8.0102,8.3713,8.6914,8.7044,8.8737,8.8863,8.9522,9.1599,9.318,9.5512,9.7742,9.8355,10.254,10.318,10.416,10.621,10.679,10.796,10.849,10.967,11.101,11.201,11.515,11.573,11.696,11.973,11.998,12.287,12.33,12.519,12.585,12.948,13.003,13.43,13.579,13.813,13.814,14.002,14.04,14.094,14.197,14.515,15.544,15.579,17.695,17.744,17.842,18.206,18.411,22.265,25.385,27.321,34.691,40.582
2.6227,3.3213,5.7954,6.3006,6.4547,6.7075,6.9461,7.009,7.5438,7.846,8.4098,8.7367,8.7766,8.8638,9.0311,9.277,9.4808,9.7692,10.211,10.337,10.477,10.775,10.889,11.045,11.172,11.592,11.592,11.719,12.298,12.492,12.865,12.965,13.034,13.192,13.441,13.888,14.043,14.083,15.026,15.212,15.608,15.709,15.94,16,16.028,16.305,16.439,16.851,17.058,17.958,18.328,18.547,18.932,19.457,19.496,23.838,25.453,26.82,34.309,40.988
3.9591,4.2547,5.8389,6.0211,6.3592,6.6841,6.8339,7.1732,7.3047,8.4738,8.921,9.4191,9.6307,9.7552,9.7964,9.8263,10.368,10.661,10.772,10.816,10.833,11.215,11.409,11.65,11.875,12.239,12.324,12.434,12.756,12.771,12.807,13.17,13.187,13.194,13.7,13.752,13.815,13.906,14.024,14.095,14.114,14.194,14.258,14.345,15.607,16.719,17.065,17.226,17.304,17.516,17.948,18.137,18.509,18.512,19.442,22.861,25.263,29.203,31.563,42.086
4.838,4.995,5.4685,5.7624,6.7018,6.7709,6.8714,7.258,8.3994,8.8309,8.9405,9.0778,9.1594,9.8148,10.055,10.115,10.172,10.348,10.385,10.55,10.72,10.89,10.915,11.342,11.569,11.737,11.911,12.163,12.259,12.647,12.719,12.743,13.036,13.063,13.124,13.515,13.533,13.638,13.694,13.731,13.851,13.87,14.027,14.512,15.241,15.241,15.363,15.415,15.468,16.732,17.189,17.886,18.28,18.339,19.256,20.745,25.459,29.677,30.6,40.629
3.2952,4.5136,5.0986,5.1288,5.1368,5.7912,6.5776,7.0297,7.4261,7.6664,7.6848,7.8446,8.2243,8.2629,8.4963,8.9406,9.0399,9.1363,9.6819,9.7361,9.9435,9.9931,10.05,10.187,10.347,10.363,10.525,10.789,10.937,10.998,11.082,11.13,11.151,11.187,11.574,11.577,11.618,11.661,12.016,12.156,12.706,13.059,13.153,13.17,14.282,14.412,15.131,15.564,16.446,16.968,17.184,17.74,17.865,18.075,18.199,20.146,26.72,29.582,30.164,42.422
4.607,4.9128,5.5952,5.6887,6.7193,7.1351,7.4846,7.6534,7.8473,7.9599,8.7521,9.4728,9.4963,9.5932,9.8495,9.9367,10.035,10.122,10.475,10.755,11.018,11.362,11.386,11.485,11.531,11.542,11.626,11.662,11.725,12.127,12.53,12.622,12.997,13.297,13.297,13.632,13.642,13.777,14.304,14.552,14.58,14.737,14.877,14.971,15.445,15.92,16.205,16.574,18.265,18.267,18.298,18.748,18.803,18.871,19.016,22.992,25.834,27.455,32.904,44.099
4.4619,4.8151,5.9382,6.1054,6.3544,6.6195,6.6527,6.9363,7.4794,7.7142,7.8109,7.9361,8.3123,8.682,8.9171,8.9357,9.1972,9.6326,10.013,10.111,10.381,10.505,10.565,10.695,10.845,11.248,11.467,11.549,11.588,11.737,12.837,12.932,13.011,13.038,13.042,13.073,13.319,13.343,13.509,13.998,14.249,14.271,14.514,14.951,15.31,15.485,15.849,15.851,16.452,16.527,16.812,17.385,17.489,17.816,19.399,22.221,26.48,28.158,32.298,41.449
3.4364,4.219,5.9813,7.115,7.185,7.7333,7.8235,8.6276,8.6606,8.7719,8.9672,9.0293,9.2898,9.2949,9.6045,9.9846,10.073,10.367,10.667,10.711,11.069,11.34,11.421,11.514,11.829,11.834,11.84,12.465,12.469,12.561,12.917,12.934,12.96,12.975,12.993,13.162,13.69,13.862,13.92,14.855,15.037,15.055,15.618,15.891,15.905,16.097,16.251,16.422,16.585,16.614,16.7,18.325,18.389,19.621,19.763,20.251,26.476,28.273,32.429,42.547
4.2326,4.6512,5.1631,5.2341,7.2617,7.3473,7.4183,7.9585,7.9771,8.3695,8.6694,8.8218,8.9222,9.7236,9.762,9.9019,10.198,10.219,10.476,10.591,10.63,10.688,11.112,11.424,11.558,11.813,11.851,12.18,12.567,12.686,12.77,12.902,12.907,13.168,13.365,13.376,13.648,13.858,13.927,14.059,15.013,15.204,15.55,15.75,15.97,16.056,16.265,16.284,16.339,16.606,17.075,17.433,17.881,19.183,19.625,20.424,27.289,29.033,32.8,40.658
